User ID,Age,BMI,Stress Level,Exercise Frequency,Sleep Hours,Diet,Cycle Start Date,Cycle Length,Period Length,Next Cycle Start Date,Symptoms,Start_Month,Start_Year,Prev_Period_Length,Prev_Cycle_Length,Prev_Symptom,Avg_Cycle_Length,Avg_Period_Length,Period_Count,Predicted_Period_Length,Predicted_Symptom,Symptom_Confidence,Predicted_Next_Cycle_Date,Suggested_Self_Care
1,18,29.28,2,Moderate,5.4,Low Carb,2024-12-09 20:52:34.915012,32,5,2025-01-10 20:52:34.915012,Fatigue,12,2024,7.0,26.0,Headache,26.0,7.0,2,5.355,Fatigue,79.5,2025-01-04 20:52:34.915012,"['Get adequate sleep', 'Stay hydrated', 'Eat regular balanced meals', 'Take adequate rest']"
1,18,29.28,2,Moderate,5.4,Low Carb,2025-01-10 20:52:34.915012,41,7,2025-02-20 20:52:34.915012,Fatigue,1,2025,5.0,32.0,Fatigue,29.0,6.0,3,6.27,Fatigue,87.5,2025-02-08 20:52:34.915012,"['Get adequate sleep', 'Stay hydrated', 'Eat regular balanced meals', 'Take adequate rest']"
1,18,29.28,2,Moderate,5.4,Low Carb,2025-02-20 20:52:34.915012,27,3,2025-03-19 20:52:34.915012,Fatigue,2,2025,7.0,41.0,Fatigue,33.0,6.333333333333333,4,4.71,Fatigue,82.5,2025-03-25 20:52:34.915012,"['Get adequate sleep', 'Stay hydrated', 'Eat regular balanced meals', 'Take adequate rest']"
1,18,29.28,2,Moderate,5.4,Low Carb,2025-03-19 20:52:34.915012,42,5,2025-04-30 20:52:34.915012,Cramps,3,2025,3.0,27.0,Fatigue,31.5,5.5,5,4.99,Cramps,64.0,2025-04-20 20:52:34.915012,"['Use a warm compress', 'Stay hydrated', 'Take adequate rest', 'Try gentle movement']"
1,18,29.28,2,Moderate,5.4,Low Carb,2025-04-30 20:52:34.915012,41,5,2025-06-10 20:52:34.915012,Fatigue,4,2025,5.0,42.0,Cramps,33.6,5.4,6,4.845,Fatigue,78.5,2025-06-03 20:52:34.915012,"['Get adequate sleep', 'Stay hydrated', 'Eat regular balanced meals', 'Take adequate rest']"
1,18,29.28,2,Moderate,5.4,Low Carb,2025-06-10 20:52:34.915012,31,4,2025-07-11 20:52:34.915012,Headache,6,2025,5.0,41.0,Fatigue,34.833333333333336,5.333333333333333,7,4.42,Headache,69.0,2025-07-15 20:52:34.915012,"['Stay hydrated', 'Eat meals regularly', 'Get adequate sleep', 'Take breaks from prolonged screen use']"
1,18,29.28,2,Moderate,5.4,Low Carb,2025-07-11 20:52:34.915012,48,7,2025-08-28 20:52:34.915012,Fatigue,7,2025,4.0,31.0,Headache,34.285714285714285,5.142857142857143,8,5.91,Fatigue,73.0,2025-08-14 20:52:34.915012,"['Get adequate sleep', 'Stay hydrated', 'Eat regular balanced meals', 'Take adequate rest']"
1,18,29.28,2,Moderate,5.4,Low Carb,2025-08-28 20:52:34.915012,29,3,2025-09-26 20:52:34.915012,Fatigue,8,2025,7.0,48.0,Fatigue,36.0,5.375,9,4.405,Fatigue,74.5,2025-10-03 20:52:34.915012,"['Get adequate sleep', 'Stay hydrated', 'Eat regular balanced meals', 'Take adequate rest']"
1,18,29.28,2,Moderate,5.4,Low Carb,2025-09-26 20:52:34.915012,47,4,2025-11-12 20:52:34.915012,Headache,9,2025,3.0,29.0,Fatigue,35.22222222222222,5.111111111111111,10,4.705,Headache,73.5,2025-10-31 20:52:34.915012,"['Stay hydrated', 'Eat meals regularly', 'Get adequate sleep', 'Take breaks from prolonged screen use']"
1,18,29.28,2,Moderate,5.4,Low Carb,2025-11-12 20:52:34.915012,42,4,2025-12-24 20:52:34.915012,Mood Swings,11,2025,4.0,47.0,Headache,36.4,5.0,11,4.57,Fatigue,36.5,2025-12-18 20:52:34.915012,"['Get adequate sleep', 'Stay hydrated', 'Eat regular balanced meals', 'Take adequate rest']"
2,34,29.57,4,Low,5.4,Low Carb,2024-06-16 20:52:34.915109,34,6,2024-07-20 20:52:34.915109,Bloating,6,2024,4.0,26.0,Bloating,26.0,4.0,2,5.655,Bloating,71.0,2024-07-12 20:52:34.915109,"['Stay hydrated', 'Eat smaller balanced meals', 'Try gentle physical activity', 'Avoid foods that personally worsen bloating']"
2,34,29.57,4,Low,5.4,Low Carb,2024-07-20 20:52:34.915109,38,7,2024-08-27 20:52:34.915109,Fatigue,7,2024,6.0,34.0,Bloating,30.0,5.0,3,6.365,Fatigue,73.0,2024-08-19 20:52:34.915109,"['Get adequate sleep', 'Stay hydrated', 'Eat regular balanced meals', 'Take adequate rest']"
2,34,29.57,4,Low,5.4,Low Carb,2024-08-27 20:52:34.915109,29,4,2024-09-25 20:52:34.915109,Mood Swings,8,2024,7.0,38.0,Fatigue,32.666666666666664,5.666666666666667,4,4.36,Mood Swings,67.5,2024-09-29 20:52:34.915109,"['Maintain adequate sleep', 'Eat regular balanced meals', 'Try gentle exercise', 'Practice relaxation and stress management']"
2,34,29.57,4,Low,5.4,Low Carb,2024-09-25 20:52:34.915109,34,5,2024-10-29 20:52:34.915109,Bloating,9,2024,4.0,29.0,Mood Swings,31.75,5.25,5,5.24,Mood Swings,41.0,2024-10-27 20:52:34.915109,"['Maintain adequate sleep', 'Eat regular balanced meals', 'Try gentle exercise', 'Practice relaxation and stress management']"
2,34,29.57,4,Low,5.4,Low Carb,2024-10-29 20:52:34.915109,31,7,2024-11-29 20:52:34.915109,Fatigue,10,2024,5.0,34.0,Bloating,32.2,5.2,6,6.115,Fatigue,32.5,2024-11-30 20:52:34.915109,"['Get adequate sleep', 'Stay hydrated', 'Eat regular balanced meals', 'Take adequate rest']"
2,34,29.57,4,Low,5.4,Low Carb,2024-11-29 20:52:34.915109,34,4,2025-01-02 20:52:34.915109,Mood Swings,11,2024,7.0,31.0,Fatigue,32.0,5.5,7,4.43,Mood Swings,45.5,2024-12-31 20:52:34.915109,"['Maintain adequate sleep', 'Eat regular balanced meals', 'Try gentle exercise', 'Practice relaxation and stress management']"
2,34,29.57,4,Low,5.4,Low Carb,2025-01-02 20:52:34.915109,47,7,2025-02-18 20:52:34.915109,Mood Swings,1,2025,4.0,34.0,Mood Swings,32.285714285714285,5.285714285714286,8,6.345,Mood Swings,72.5,2025-02-03 20:52:34.915109,"['Maintain adequate sleep', 'Eat regular balanced meals', 'Try gentle exercise', 'Practice relaxation and stress management']"
2,34,29.57,4,Low,5.4,Low Carb,2025-02-18 20:52:34.915109,37,5,2025-03-27 20:52:34.915109,Headache,2,2025,7.0,47.0,Mood Swings,34.125,5.5,9,4.725,Headache,69.5,2025-03-24 20:52:34.915109,"['Stay hydrated', 'Eat meals regularly', 'Get adequate sleep', 'Take breaks from prolonged screen use']"
3,22,29.44,1,Moderate,8.6,Vegetarian,2024-11-18 20:52:34.915155,40,4,2024-12-28 20:52:34.915155,Cramps,11,2024,4.0,50.0,Cramps,50.0,4.0,2,4.645,Cramps,52.0,2025-01-07 20:52:34.915155,"['Use a warm compress', 'Stay hydrated', 'Take adequate rest', 'Try gentle movement']"
3,22,29.44,1,Moderate,8.6,Vegetarian,2024-12-28 20:52:34.915155,25,5,2025-01-22 20:52:34.915155,Cramps,12,2024,4.0,40.0,Cramps,45.0,4.0,3,5.01,Cramps,65.0,2025-02-11 20:52:34.915155,"['Use a warm compress', 'Stay hydrated', 'Take adequate rest', 'Try gentle movement']"
3,22,29.44,1,Moderate,8.6,Vegetarian,2025-01-22 20:52:34.915155,38,3,2025-03-01 20:52:34.915155,Headache,1,2025,5.0,25.0,Cramps,38.333333333333336,4.333333333333333,4,3.775,Headache,73.5,2025-03-01 20:52:34.915155,"['Stay hydrated', 'Eat meals regularly', 'Get adequate sleep', 'Take breaks from prolonged screen use']"
3,22,29.44,1,Moderate,8.6,Vegetarian,2025-03-01 20:52:34.915155,40,3,2025-04-10 20:52:34.915155,Bloating,3,2025,3.0,38.0,Headache,38.25,4.0,5,3.915,Bloating,72.0,2025-04-08 20:52:34.915155,"['Stay hydrated', 'Eat smaller balanced meals', 'Try gentle physical activity', 'Avoid foods that personally worsen bloating']"
3,22,29.44,1,Moderate,8.6,Vegetarian,2025-04-10 20:52:34.915155,49,3,2025-05-29 20:52:34.915155,Headache,4,2025,3.0,40.0,Bloating,38.6,3.8,6,3.89,Headache,78.5,2025-05-19 20:52:34.915155,"['Stay hydrated', 'Eat meals regularly', 'Get adequate sleep', 'Take breaks from prolonged screen use']"
3,22,29.44,1,Moderate,8.6,Vegetarian,2025-05-29 20:52:34.915155,28,3,2025-06-26 20:52:34.915155,Mood Swings,5,2025,3.0,49.0,Headache,40.333333333333336,3.6666666666666665,7,4.41,Mood Swings,64.5,2025-07-08 20:52:34.915155,"['Maintain adequate sleep', 'Eat regular balanced meals', 'Try gentle exercise', 'Practice relaxation and stress management']"
3,22,29.44,1,Moderate,8.6,Vegetarian,2025-06-26 20:52:34.915155,37,5,2025-08-02 20:52:34.915155,Fatigue,6,2025,3.0,28.0,Mood Swings,38.57142857142857,3.5714285714285716,8,4.9,Fatigue,63.5,2025-08-04 20:52:34.915155,"['Get adequate sleep', 'Stay hydrated', 'Eat regular balanced meals', 'Take adequate rest']"
3,22,29.44,1,Moderate,8.6,Vegetarian,2025-08-02 20:52:34.915155,49,6,2025-09-20 20:52:34.915155,Headache,8,2025,5.0,37.0,Fatigue,38.375,3.75,9,5.42,Headache,73.5,2025-09-09 20:52:34.915155,"['Stay hydrated', 'Eat meals regularly', 'Get adequate sleep', 'Take breaks from prolonged screen use']"
3,22,29.44,1,Moderate,8.6,Vegetarian,2025-09-20 20:52:34.915155,46,4,2025-11-05 20:52:34.915155,Bloating,9,2025,6.0,49.0,Headache,39.55555555555556,4.0,10,4.515,Bloating,69.0,2025-10-30 20:52:34.915155,"['Stay hydrated', 'Eat smaller balanced meals', 'Try gentle physical activity', 'Avoid foods that personally worsen bloating']"
4,25,25.68,2,Moderate,8.3,Vegetarian,2024-04-28 20:52:34.915195,43,6,2024-06-10 20:52:34.915195,Mood Swings,4,2024,3.0,38.0,Cramps,38.0,3.0,2,5.805,Mood Swings,70.5,2024-06-05 20:52:34.915195,"['Maintain adequate sleep', 'Eat regular balanced meals', 'Try gentle exercise', 'Practice relaxation and stress management']"
4,25,25.68,2,Moderate,8.3,Vegetarian,2024-06-10 20:52:34.915195,40,6,2024-07-20 20:52:34.915195,Fatigue,6,2024,6.0,43.0,Mood Swings,40.5,4.5,3,5.42,Fatigue,67.5,2024-07-20 20:52:34.915195,"['Get adequate sleep', 'Stay hydrated', 'Eat regular balanced meals', 'Take adequate rest']"
4,25,25.68,2,Moderate,8.3,Vegetarian,2024-07-20 20:52:34.915195,39,5,2024-08-28 20:52:34.915195,Headache,7,2024,6.0,40.0,Fatigue,40.333333333333336,5.0,4,4.52,Headache,62.5,2024-08-29 20:52:34.915195,"['Stay hydrated', 'Eat meals regularly', 'Get adequate sleep', 'Take breaks from prolonged screen use']"
4,25,25.68,2,Moderate,8.3,Vegetarian,2024-08-28 20:52:34.915195,31,5,2024-09-28 20:52:34.915195,Cramps,8,2024,5.0,39.0,Headache,40.0,5.0,5,4.445,Cramps,63.5,2024-10-07 20:52:34.915195,"['Use a warm compress', 'Stay hydrated', 'Take adequate rest', 'Try gentle movement']"
4,25,25.68,2,Moderate,8.3,Vegetarian,2024-09-28 20:52:34.915195,49,4,2024-11-16 20:52:34.915195,Bloating,9,2024,5.0,31.0,Cramps,38.2,5.0,6,4.535,Bloating,72.0,2024-11-05 20:52:34.915195,"['Stay hydrated', 'Eat smaller balanced meals', 'Try gentle physical activity', 'Avoid foods that personally worsen bloating']"
4,25,25.68,2,Moderate,8.3,Vegetarian,2024-11-16 20:52:34.915195,48,4,2025-01-03 20:52:34.915195,Mood Swings,11,2024,4.0,49.0,Bloating,40.0,4.833333333333333,7,4.405,Mood Swings,66.0,2024-12-26 20:52:34.915195,"['Maintain adequate sleep', 'Eat regular balanced meals', 'Try gentle exercise', 'Practice relaxation and stress management']"
4,25,25.68,2,Moderate,8.3,Vegetarian,2025-01-03 20:52:34.915195,36,4,2025-02-08 20:52:34.915195,Bloating,1,2025,4.0,48.0,Mood Swings,41.142857142857146,4.714285714285714,8,4.665,Bloating,66.0,2025-02-13 20:52:34.915195,"['Stay hydrated', 'Eat smaller balanced meals', 'Try gentle physical activity', 'Avoid foods that personally worsen bloating']"
4,25,25.68,2,Moderate,8.3,Vegetarian,2025-02-08 20:52:34.915195,29,5,2025-03-09 20:52:34.915195,Fatigue,2,2025,4.0,36.0,Bloating,40.5,4.625,9,4.905,Fatigue,70.5,2025-03-20 20:52:34.915195,"['Get adequate sleep', 'Stay hydrated', 'Eat regular balanced meals', 'Take adequate rest']"
4,25,25.68,2,Moderate,8.3,Vegetarian,2025-03-09 20:52:34.915195,49,6,2025-04-27 20:52:34.915195,Mood Swings,3,2025,5.0,29.0,Fatigue,39.22222222222222,4.666666666666667,10,5.595,Fatigue,28.000000000000004,2025-04-17 20:52:34.915195,"['Get adequate sleep', 'Stay hydrated', 'Eat regular balanced meals', 'Take adequate rest']"
5,25,25.27,1,High,6.3,Low Carb,2024-01-25 20:52:34.915232,45,7,2024-03-10 20:52:34.915232,Fatigue,1,2024,7.0,46.0,Fatigue,46.0,7.0,2,6.125,Fatigue,63.5,2024-03-11 20:52:34.915232,"['Get adequate sleep', 'Stay hydrated', 'Eat regular balanced meals', 'Take adequate rest']"
5,25,25.27,1,High,6.3,Low Carb,2024-03-10 20:52:34.915232,38,5,2024-04-17 20:52:34.915232,Headache,3,2024,7.0,45.0,Fatigue,45.5,7.0,3,5.375,Headache,65.0,2024-04-25 20:52:34.915232,"['Stay hydrated', 'Eat meals regularly', 'Get adequate sleep', 'Take breaks from prolonged screen use']"
5,25,25.27,1,High,6.3,Low Carb,2024-04-17 20:52:34.915232,28,6,2024-05-15 20:52:34.915232,Bloating,4,2024,5.0,38.0,Headache,43.0,6.333333333333333,4,5.53,Bloating,71.5,2024-05-30 20:52:34.915232,"['Stay hydrated', 'Eat smaller balanced meals', 'Try gentle physical activity', 'Avoid foods that personally worsen bloating']"
5,25,25.27,1,High,6.3,Low Carb,2024-05-15 20:52:34.915232,30,5,2024-06-14 20:52:34.915232,Mood Swings,5,2024,6.0,28.0,Bloating,39.25,6.25,5,4.765,Mood Swings,72.5,2024-06-23 20:52:34.915232,"['Maintain adequate sleep', 'Eat regular balanced meals', 'Try gentle exercise', 'Practice relaxation and stress management']"
5,25,25.27,1,High,6.3,Low Carb,2024-06-14 20:52:34.915232,36,6,2024-07-20 20:52:34.915232,Bloating,6,2024,5.0,30.0,Mood Swings,37.4,6.0,6,5.43,Bloating,71.5,2024-07-21 20:52:34.915232,"['Stay hydrated', 'Eat smaller balanced meals', 'Try gentle physical activity', 'Avoid foods that personally worsen bloating']"
5,25,25.27,1,High,6.3,Low Carb,2024-07-20 20:52:34.915232,37,6,2024-08-26 20:52:34.915232,Cramps,7,2024,6.0,36.0,Bloating,37.166666666666664,6.0,7,5.48,Cramps,65.5,2024-08-26 20:52:34.915232,"['Use a warm compress', 'Stay hydrated', 'Take adequate rest', 'Try gentle movement']"
5,25,25.27,1,High,6.3,Low Carb,2024-08-26 20:52:34.915232,38,5,2024-10-03 20:52:34.915232,Fatigue,8,2024,6.0,37.0,Cramps,37.142857142857146,6.0,8,5.1,Bloating,38.5,2024-10-02 20:52:34.915232,"['Stay hydrated', 'Eat smaller balanced meals', 'Try gentle physical activity', 'Avoid foods that personally worsen bloating']"
5,25,25.27,1,High,6.3,Low Carb,2024-10-03 20:52:34.915232,47,5,2024-11-19 20:52:34.915232,Bloating,10,2024,5.0,38.0,Fatigue,37.25,5.875,9,5.045,Bloating,81.0,2024-11-09 20:52:34.915232,"['Stay hydrated', 'Eat smaller balanced meals', 'Try gentle physical activity', 'Avoid foods that personally worsen bloating']"
5,25,25.27,1,High,6.3,Low Carb,2024-11-19 20:52:34.915232,43,3,2025-01-01 20:52:34.915232,Fatigue,11,2024,5.0,47.0,Bloating,38.333333333333336,5.777777777777778,10,4.125,Fatigue,66.5,2024-12-27 20:52:34.915232,"['Get adequate sleep', 'Stay hydrated', 'Eat regular balanced meals', 'Take adequate rest']"
5,25,25.27,1,High,6.3,Low Carb,2025-01-01 20:52:34.915232,40,6,2025-02-10 20:52:34.915232,Bloating,1,2025,3.0,43.0,Fatigue,38.8,5.5,11,5.6,Bloating,74.0,2025-02-09 20:52:34.915232,"['Stay hydrated', 'Eat smaller balanced meals', 'Try gentle physical activity', 'Avoid foods that personally worsen bloating']"
5,25,25.27,1,High,6.3,Low Carb,2025-02-10 20:52:34.915232,32,3,2025-03-14 20:52:34.915232,Mood Swings,2,2025,6.0,40.0,Bloating,38.90909090909091,5.545454545454546,12,3.985,Mood Swings,69.5,2025-03-21 20:52:34.915232,"['Maintain adequate sleep', 'Eat regular balanced meals', 'Try gentle exercise', 'Practice relaxation and stress management']"
6,44,25.87,5,Low,6.1,Low Carb,2023-06-03 20:52:34.915275,39,6,2023-07-12 20:52:34.915275,Mood Swings,6,2023,7.0,30.0,Bloating,30.0,7.0,2,5.935,Mood Swings,67.0,2023-07-03 20:52:34.915275,"['Maintain adequate sleep', 'Eat regular balanced meals', 'Try gentle exercise', 'Practice relaxation and stress management']"
6,44,25.87,5,Low,6.1,Low Carb,2023-07-12 20:52:34.915275,38,3,2023-08-19 20:52:34.915275,Bloating,7,2023,6.0,39.0,Mood Swings,34.5,6.5,3,3.6,Bloating,72.5,2023-08-15 20:52:34.915275,"['Stay hydrated', 'Eat smaller balanced meals', 'Try gentle physical activity', 'Avoid foods that personally worsen bloating']"
6,44,25.87,5,Low,6.1,Low Carb,2023-08-19 20:52:34.915275,26,5,2023-09-14 20:52:34.915275,Cramps,8,2023,3.0,38.0,Bloating,35.666666666666664,5.333333333333333,4,5.27,Cramps,71.5,2023-09-24 20:52:34.915275,"['Use a warm compress', 'Stay hydrated', 'Take adequate rest', 'Try gentle movement']"
6,44,25.87,5,Low,6.1,Low Carb,2023-09-14 20:52:34.915275,35,4,2023-10-19 20:52:34.915275,Headache,9,2023,5.0,26.0,Cramps,33.25,5.25,5,4.28,Headache,66.0,2023-10-17 20:52:34.915275,"['Stay hydrated', 'Eat meals regularly', 'Get adequate sleep', 'Take breaks from prolonged screen use']"
6,44,25.87,5,Low,6.1,Low Carb,2023-10-19 20:52:34.915275,50,5,2023-12-08 20:52:34.915275,Bloating,10,2023,4.0,35.0,Headache,33.6,5.0,6,4.99,Bloating,69.5,2023-11-22 20:52:34.915275,"['Stay hydrated', 'Eat smaller balanced meals', 'Try gentle physical activity', 'Avoid foods that personally worsen bloating']"
6,44,25.87,5,Low,6.1,Low Carb,2023-12-08 20:52:34.915275,46,6,2024-01-23 20:52:34.915275,Bloating,12,2023,5.0,50.0,Bloating,36.333333333333336,5.0,7,5.375,Bloating,70.5,2024-01-13 20:52:34.915275,"['Stay hydrated', 'Eat smaller balanced meals', 'Try gentle physical activity', 'Avoid foods that personally worsen bloating']"
6,44,25.87,5,Low,6.1,Low Carb,2024-01-23 20:52:34.915275,25,5,2024-02-17 20:52:34.915275,Cramps,1,2024,6.0,46.0,Bloating,37.714285714285715,5.142857142857143,8,5.02,Cramps,70.0,2024-03-01 20:52:34.915275,"['Use a warm compress', 'Stay hydrated', 'Take adequate rest', 'Try gentle movement']"
6,44,25.87,5,Low,6.1,Low Carb,2024-02-17 20:52:34.915275,34,5,2024-03-22 20:52:34.915275,Fatigue,2,2024,5.0,25.0,Cramps,36.125,5.125,9,4.51,Fatigue,64.5,2024-03-24 20:52:34.915275,"['Get adequate sleep', 'Stay hydrated', 'Eat regular balanced meals', 'Take adequate rest']"
7,25,28.98,5,Moderate,7.5,Balanced,2024-05-15 20:52:34.915310,26,5,2024-06-10 20:52:34.915310,Bloating,5,2024,4.0,40.0,Cramps,40.0,4.0,2,5.135,Bloating,68.5,2024-06-24 20:52:34.915310,"['Stay hydrated', 'Eat smaller balanced meals', 'Try gentle physical activity', 'Avoid foods that personally worsen bloating']"
7,25,28.98,5,Moderate,7.5,Balanced,2024-06-10 20:52:34.915310,42,6,2024-07-22 20:52:34.915310,Cramps,6,2024,5.0,26.0,Bloating,33.0,4.5,3,5.565,Cramps,66.5,2024-07-13 20:52:34.915310,"['Use a warm compress', 'Stay hydrated', 'Take adequate rest', 'Try gentle movement']"
7,25,28.98,5,Moderate,7.5,Balanced,2024-07-22 20:52:34.915310,38,6,2024-08-29 20:52:34.915310,Bloating,7,2024,6.0,42.0,Cramps,36.0,5.0,4,5.17,Bloating,38.5,2024-08-27 20:52:34.915310,"['Stay hydrated', 'Eat smaller balanced meals', 'Try gentle physical activity', 'Avoid foods that personally worsen bloating']"
7,25,28.98,5,Moderate,7.5,Balanced,2024-08-29 20:52:34.915310,42,3,2024-10-10 20:52:34.915310,Bloating,8,2024,6.0,38.0,Bloating,36.5,5.25,5,3.78,Bloating,75.5,2024-10-04 20:52:34.915310,"['Stay hydrated', 'Eat smaller balanced meals', 'Try gentle physical activity', 'Avoid foods that personally worsen bloating']"
7,25,28.98,5,Moderate,7.5,Balanced,2024-10-10 20:52:34.915310,47,3,2024-11-26 20:52:34.915310,Fatigue,10,2024,3.0,42.0,Bloating,37.6,4.8,6,3.91,Fatigue,71.5,2024-11-17 20:52:34.915310,"['Get adequate sleep', 'Stay hydrated', 'Eat regular balanced meals', 'Take adequate rest']"
8,37,24.14,4,Moderate,5.1,Low Carb,2023-10-18 20:52:34.915353,25,7,2023-11-12 20:52:34.915353,Cramps,10,2023,7.0,25.0,Bloating,25.0,7.0,2,6.325,Cramps,77.5,2023-11-12 20:52:34.915353,"['Use a warm compress', 'Stay hydrated', 'Take adequate rest', 'Try gentle movement']"
8,37,24.14,4,Moderate,5.1,Low Carb,2023-11-12 20:52:34.915353,25,5,2023-12-07 20:52:34.915353,Cramps,11,2023,7.0,25.0,Cramps,25.0,7.0,3,5.41,Cramps,86.5,2023-12-07 20:52:34.915353,"['Use a warm compress', 'Stay hydrated', 'Take adequate rest', 'Try gentle movement']"
8,37,24.14,4,Moderate,5.1,Low Carb,2023-12-07 20:52:34.915353,28,3,2024-01-04 20:52:34.915353,Fatigue,12,2023,5.0,25.0,Cramps,25.0,6.333333333333333,4,3.87,Cramps,67.5,2024-01-01 20:52:34.915353,"['Use a warm compress', 'Stay hydrated', 'Take adequate rest', 'Try gentle movement']"
8,37,24.14,4,Moderate,5.1,Low Carb,2024-01-04 20:52:34.915353,48,6,2024-02-21 20:52:34.915353,Headache,1,2024,3.0,28.0,Fatigue,25.75,5.5,5,4.985,Headache,67.5,2024-01-30 20:52:34.915353,"['Stay hydrated', 'Eat meals regularly', 'Get adequate sleep', 'Take breaks from prolonged screen use']"
8,37,24.14,4,Moderate,5.1,Low Carb,2024-02-21 20:52:34.915353,29,4,2024-03-21 20:52:34.915353,Fatigue,2,2024,6.0,48.0,Headache,30.2,5.6,6,4.285,Fatigue,64.5,2024-03-22 20:52:34.915353,"['Get adequate sleep', 'Stay hydrated', 'Eat regular balanced meals', 'Take adequate rest']"
8,37,24.14,4,Moderate,5.1,Low Carb,2024-03-21 20:52:34.915353,26,6,2024-04-16 20:52:34.915353,Fatigue,3,2024,4.0,29.0,Fatigue,30.0,5.333333333333333,7,4.92,Fatigue,77.0,2024-04-20 20:52:34.915353,"['Get adequate sleep', 'Stay hydrated', 'Eat regular balanced meals', 'Take adequate rest']"
8,37,24.14,4,Moderate,5.1,Low Carb,2024-04-16 20:52:34.915353,27,4,2024-05-13 20:52:34.915353,Bloating,4,2024,6.0,26.0,Fatigue,29.428571428571427,5.428571428571429,8,4.435,Bloating,64.5,2024-05-15 20:52:34.915353,"['Stay hydrated', 'Eat smaller balanced meals', 'Try gentle physical activity', 'Avoid foods that personally worsen bloating']"
8,37,24.14,4,Moderate,5.1,Low Carb,2024-05-13 20:52:34.915353,47,4,2024-06-29 20:52:34.915353,Headache,5,2024,4.0,27.0,Bloating,29.125,5.25,9,4.96,Headache,68.0,2024-06-11 20:52:34.915353,"['Stay hydrated', 'Eat meals regularly', 'Get adequate sleep', 'Take breaks from prolonged screen use']"
8,37,24.14,4,Moderate,5.1,Low Carb,2024-06-29 20:52:34.915353,35,5,2024-08-03 20:52:34.915353,Bloating,6,2024,4.0,47.0,Headache,31.11111111111111,5.111111111111111,10,4.92,Bloating,71.5,2024-07-30 20:52:34.915353,"['Stay hydrated', 'Eat smaller balanced meals', 'Try gentle physical activity', 'Avoid foods that personally worsen bloating']"
8,37,24.14,4,Moderate,5.1,Low Carb,2024-08-03 20:52:34.915353,35,4,2024-09-07 20:52:34.915353,Bloating,8,2024,5.0,35.0,Bloating,31.5,5.1,11,4.48,Bloating,74.5,2024-09-04 20:52:34.915353,"['Stay hydrated', 'Eat smaller balanced meals', 'Try gentle physical activity', 'Avoid foods that personally worsen bloating']"
9,24,25.2,1,High,5.7,Balanced,2024-07-21 20:52:34.915390,33,6,2024-08-23 20:52:34.915390,Bloating,7,2024,4.0,30.0,Cramps,30.0,4.0,2,5.77,Bloating,69.5,2024-08-20 20:52:34.915390,"['Stay hydrated', 'Eat smaller balanced meals', 'Try gentle physical activity', 'Avoid foods that personally worsen bloating']"
9,24,25.2,1,High,5.7,Balanced,2024-08-23 20:52:34.915390,29,7,2024-09-21 20:52:34.915390,Headache,8,2024,6.0,33.0,Bloating,31.5,5.0,3,6.39,Cramps,35.5,2024-09-24 20:52:34.915390,"['Use a warm compress', 'Stay hydrated', 'Take adequate rest', 'Try gentle movement']"
9,24,25.2,1,High,5.7,Balanced,2024-09-21 20:52:34.915390,29,4,2024-10-20 20:52:34.915390,Fatigue,9,2024,7.0,29.0,Headache,30.666666666666668,5.666666666666667,4,5.49,Bloating,31.5,2024-10-22 20:52:34.915390,"['Stay hydrated', 'Eat smaller balanced meals', 'Try gentle physical activity', 'Avoid foods that personally worsen bloating']"
9,24,25.2,1,High,5.7,Balanced,2024-10-20 20:52:34.915390,35,6,2024-11-24 20:52:34.915390,Bloating,10,2024,4.0,29.0,Fatigue,30.25,5.25,5,5.8,Bloating,30.5,2024-11-19 20:52:34.915390,"['Stay hydrated', 'Eat smaller balanced meals', 'Try gentle physical activity', 'Avoid foods that personally worsen bloating']"
9,24,25.2,1,High,5.7,Balanced,2024-11-24 20:52:34.915390,28,5,2024-12-22 20:52:34.915390,Bloating,11,2024,6.0,35.0,Bloating,31.2,5.4,6,5.195,Cramps,38.5,2024-12-25 20:52:34.915390,"['Use a warm compress', 'Stay hydrated', 'Take adequate rest', 'Try gentle movement']"
9,24,25.2,1,High,5.7,Balanced,2024-12-22 20:52:34.915390,41,7,2025-02-01 20:52:34.915390,Headache,12,2024,5.0,28.0,Bloating,30.666666666666668,5.333333333333333,7,6.175,Cramps,28.499999999999996,2025-01-22 20:52:34.915390,"['Use a warm compress', 'Stay hydrated', 'Take adequate rest', 'Try gentle movement']"
9,24,25.2,1,High,5.7,Balanced,2025-02-01 20:52:34.915390,40,6,2025-03-13 20:52:34.915390,Headache,2,2025,7.0,41.0,Headache,32.142857142857146,5.571428571428571,8,5.055,Headache,66.5,2025-03-05 20:52:34.915390,"['Stay hydrated', 'Eat meals regularly', 'Get adequate sleep', 'Take breaks from prolonged screen use']"
9,24,25.2,1,High,5.7,Balanced,2025-03-13 20:52:34.915390,47,3,2025-04-29 20:52:34.915390,Bloating,3,2025,6.0,40.0,Headache,33.125,5.625,9,4.98,Bloating,69.5,2025-04-15 20:52:34.915390,"['Stay hydrated', 'Eat smaller balanced meals', 'Try gentle physical activity', 'Avoid foods that personally worsen bloating']"
9,24,25.2,1,High,5.7,Balanced,2025-04-29 20:52:34.915390,29,3,2025-05-28 20:52:34.915390,Mood Swings,4,2025,3.0,47.0,Bloating,34.666666666666664,5.333333333333333,10,4.8,Mood Swings,28.499999999999996,2025-06-03 20:52:34.915390,"['Maintain adequate sleep', 'Eat regular balanced meals', 'Try gentle exercise', 'Practice relaxation and stress management']"
9,24,25.2,1,High,5.7,Balanced,2025-05-28 20:52:34.915390,37,6,2025-07-04 20:52:34.915390,Mood Swings,5,2025,3.0,29.0,Mood Swings,34.1,5.1,11,5.475,Mood Swings,74.0,2025-07-01 20:52:34.915390,"['Maintain adequate sleep', 'Eat regular balanced meals', 'Try gentle exercise', 'Practice relaxation and stress management']"
9,24,25.2,1,High,5.7,Balanced,2025-07-04 20:52:34.915390,28,4,2025-08-01 20:52:34.915390,Mood Swings,7,2025,6.0,37.0,Mood Swings,34.36363636363637,5.181818181818182,12,4.31,Mood Swings,37.5,2025-08-07 20:52:34.915390,"['Maintain adequate sleep', 'Eat regular balanced meals', 'Try gentle exercise', 'Practice relaxation and stress management']"
10,33,22.99,3,High,7.1,Vegetarian,2024-11-04 20:52:34.915437,30,5,2024-12-04 20:52:34.915437,Cramps,11,2024,5.0,43.0,Cramps,43.0,5.0,2,5.23,Cramps,66.5,2024-12-17 20:52:34.915437,"['Use a warm compress', 'Stay hydrated', 'Take adequate rest', 'Try gentle movement']"
10,33,22.99,3,High,7.1,Vegetarian,2024-12-04 20:52:34.915437,47,3,2025-01-20 20:52:34.915437,Fatigue,12,2024,5.0,30.0,Cramps,36.5,5.0,3,3.91,Fatigue,69.0,2025-01-09 20:52:34.915437,"['Get adequate sleep', 'Stay hydrated', 'Eat regular balanced meals', 'Take adequate rest']"
10,33,22.99,3,High,7.1,Vegetarian,2025-01-20 20:52:34.915437,42,5,2025-03-03 20:52:34.915437,Bloating,1,2025,3.0,47.0,Fatigue,40.0,4.333333333333333,4,5.065,Bloating,70.0,2025-03-01 20:52:34.915437,"['Stay hydrated', 'Eat smaller balanced meals', 'Try gentle physical activity', 'Avoid foods that personally worsen bloating']"
10,33,22.99,3,High,7.1,Vegetarian,2025-03-03 20:52:34.915437,37,6,2025-04-09 20:52:34.915437,Headache,3,2025,5.0,42.0,Bloating,40.5,4.5,5,4.91,Headache,70.0,2025-04-12 20:52:34.915437,"['Stay hydrated', 'Eat meals regularly', 'Get adequate sleep', 'Take breaks from prolonged screen use']"
10,33,22.99,3,High,7.1,Vegetarian,2025-04-09 20:52:34.915437,38,7,2025-05-17 20:52:34.915437,Bloating,4,2025,6.0,37.0,Headache,39.8,4.8,6,5.86,Bloating,69.0,2025-05-19 20:52:34.915437,"['Stay hydrated', 'Eat smaller balanced meals', 'Try gentle physical activity', 'Avoid foods that personally worsen bloating']"
11,20,28.33,5,Low,5.8,High Sugar,2024-05-04 20:52:34.915461,44,7,2024-06-17 20:52:34.915461,Headache,5,2024,3.0,43.0,Fatigue,43.0,3.0,2,5.145,Headache,64.5,2024-06-16 20:52:34.915461,"['Stay hydrated', 'Eat meals regularly', 'Get adequate sleep', 'Take breaks from prolonged screen use']"
11,20,28.33,5,Low,5.8,High Sugar,2024-06-17 20:52:34.915461,42,5,2024-07-29 20:52:34.915461,Mood Swings,6,2024,7.0,44.0,Headache,43.5,5.0,3,4.825,Mood Swings,64.5,2024-07-31 20:52:34.915461,"['Maintain adequate sleep', 'Eat regular balanced meals', 'Try gentle exercise', 'Practice relaxation and stress management']"
11,20,28.33,5,Low,5.8,High Sugar,2024-07-29 20:52:34.915461,28,3,2024-08-26 20:52:34.915461,Mood Swings,7,2024,5.0,42.0,Mood Swings,43.0,5.0,4,3.645,Mood Swings,32.0,2024-09-10 20:52:34.915461,"['Maintain adequate sleep', 'Eat regular balanced meals', 'Try gentle exercise', 'Practice relaxation and stress management']"
11,20,28.33,5,Low,5.8,High Sugar,2024-08-26 20:52:34.915461,28,3,2024-09-23 20:52:34.915461,Bloating,8,2024,3.0,28.0,Mood Swings,39.25,4.5,5,3.79,Bloating,64.0,2024-10-04 20:52:34.915461,"['Stay hydrated', 'Eat smaller balanced meals', 'Try gentle physical activity', 'Avoid foods that personally worsen bloating']"
11,20,28.33,5,Low,5.8,High Sugar,2024-09-23 20:52:34.915461,36,5,2024-10-29 20:52:34.915461,Cramps,9,2024,3.0,28.0,Bloating,37.0,4.2,6,4.92,Mood Swings,33.0,2024-10-30 20:52:34.915461,"['Maintain adequate sleep', 'Eat regular balanced meals', 'Try gentle exercise', 'Practice relaxation and stress management']"
11,20,28.33,5,Low,5.8,High Sugar,2024-10-29 20:52:34.915461,43,4,2024-12-11 20:52:34.915461,Headache,10,2024,5.0,36.0,Cramps,36.833333333333336,4.333333333333333,7,4.275,Mood Swings,35.0,2024-12-05 20:52:34.915461,"['Maintain adequate sleep', 'Eat regular balanced meals', 'Try gentle exercise', 'Practice relaxation and stress management']"
11,20,28.33,5,Low,5.8,High Sugar,2024-12-11 20:52:34.915461,27,4,2025-01-07 20:52:34.915461,Headache,12,2024,4.0,43.0,Headache,37.714285714285715,4.285714285714286,8,4.39,Headache,65.5,2025-01-18 20:52:34.915461,"['Stay hydrated', 'Eat meals regularly', 'Get adequate sleep', 'Take breaks from prolonged screen use']"
11,20,28.33,5,Low,5.8,High Sugar,2025-01-07 20:52:34.915461,38,4,2025-02-14 20:52:34.915461,Mood Swings,1,2025,4.0,27.0,Headache,36.375,4.25,9,4.445,Mood Swings,76.5,2025-02-12 20:52:34.915461,"['Maintain adequate sleep', 'Eat regular balanced meals', 'Try gentle exercise', 'Practice relaxation and stress management']"
11,20,28.33,5,Low,5.8,High Sugar,2025-02-14 20:52:34.915461,26,6,2025-03-12 20:52:34.915461,Mood Swings,2,2025,4.0,38.0,Mood Swings,36.55555555555556,4.222222222222222,10,5.455,Mood Swings,77.0,2025-03-23 20:52:34.915461,"['Maintain adequate sleep', 'Eat regular balanced meals', 'Try gentle exercise', 'Practice relaxation and stress management']"
12,29,29.49,4,High,5.5,High Sugar,2023-08-01 20:52:34.915497,31,4,2023-09-01 20:52:34.915497,Cramps,8,2023,4.0,37.0,Headache,37.0,4.0,2,4.57,Cramps,74.0,2023-09-07 20:52:34.915497,"['Use a warm compress', 'Stay hydrated', 'Take adequate rest', 'Try gentle movement']"
12,29,29.49,4,High,5.5,High Sugar,2023-09-01 20:52:34.915497,38,6,2023-10-09 20:52:34.915497,Headache,9,2023,4.0,31.0,Cramps,34.0,4.0,3,5.235,Headache,64.0,2023-10-05 20:52:34.915497,"['Stay hydrated', 'Eat meals regularly', 'Get adequate sleep', 'Take breaks from prolonged screen use']"
12,29,29.49,4,High,5.5,High Sugar,2023-10-09 20:52:34.915497,47,5,2023-11-25 20:52:34.915497,Mood Swings,10,2023,6.0,38.0,Headache,35.333333333333336,4.666666666666667,4,4.84,Mood Swings,66.5,2023-11-13 20:52:34.915497,"['Maintain adequate sleep', 'Eat regular balanced meals', 'Try gentle exercise', 'Practice relaxation and stress management']"
12,29,29.49,4,High,5.5,High Sugar,2023-11-25 20:52:34.915497,41,5,2024-01-05 20:52:34.915497,Cramps,11,2023,5.0,47.0,Mood Swings,38.25,4.75,5,4.925,Cramps,65.5,2024-01-02 20:52:34.915497,"['Use a warm compress', 'Stay hydrated', 'Take adequate rest', 'Try gentle movement']"
12,29,29.49,4,High,5.5,High Sugar,2024-01-05 20:52:34.915497,49,4,2024-02-23 20:52:34.915497,Mood Swings,1,2024,5.0,41.0,Cramps,38.8,4.8,6,4.32,Mood Swings,74.0,2024-02-13 20:52:34.915497,"['Maintain adequate sleep', 'Eat regular balanced meals', 'Try gentle exercise', 'Practice relaxation and stress management']"
12,29,29.49,4,High,5.5,High Sugar,2024-02-23 20:52:34.915497,39,4,2024-04-02 20:52:34.915497,Mood Swings,2,2024,4.0,49.0,Mood Swings,40.5,4.666666666666667,7,4.635,Mood Swings,75.0,2024-04-03 20:52:34.915497,"['Maintain adequate sleep', 'Eat regular balanced meals', 'Try gentle exercise', 'Practice relaxation and stress management']"
12,29,29.49,4,High,5.5,High Sugar,2024-04-02 20:52:34.915497,30,3,2024-05-02 20:52:34.915497,Mood Swings,4,2024,4.0,39.0,Mood Swings,40.285714285714285,4.571428571428571,8,5.1,Mood Swings,82.0,2024-05-12 20:52:34.915497,"['Maintain adequate sleep', 'Eat regular balanced meals', 'Try gentle exercise', 'Practice relaxation and stress management']"
12,29,29.49,4,High,5.5,High Sugar,2024-05-02 20:52:34.915497,38,7,2024-06-09 20:52:34.915497,Headache,5,2024,3.0,30.0,Mood Swings,39.0,4.375,9,6.2,Headache,67.5,2024-06-10 20:52:34.915497,"['Stay hydrated', 'Eat meals regularly', 'Get adequate sleep', 'Take breaks from prolonged screen use']"
12,29,29.49,4,High,5.5,High Sugar,2024-06-09 20:52:34.915497,40,4,2024-07-19 20:52:34.915497,Fatigue,6,2024,7.0,38.0,Headache,38.888888888888886,4.666666666666667,10,4.47,Fatigue,62.5,2024-07-18 20:52:34.915497,"['Get adequate sleep', 'Stay hydrated', 'Eat regular balanced meals', 'Take adequate rest']"
12,29,29.49,4,High,5.5,High Sugar,2024-07-19 20:52:34.915497,50,3,2024-09-07 20:52:34.915497,Mood Swings,7,2024,4.0,40.0,Fatigue,39.0,4.6,11,4.02,Mood Swings,84.0,2024-08-27 20:52:34.915497,"['Maintain adequate sleep', 'Eat regular balanced meals', 'Try gentle exercise', 'Practice relaxation and stress management']"
13,35,22.46,3,Moderate,8.6,High Sugar,2025-03-08 20:52:34.915534,30,6,2025-04-07 20:52:34.915534,Mood Swings,3,2025,3.0,46.0,Cramps,46.0,3.0,2,5.82,Mood Swings,70.0,2025-04-23 20:52:34.915534,"['Maintain adequate sleep', 'Eat regular balanced meals', 'Try gentle exercise', 'Practice relaxation and stress management']"
13,35,22.46,3,Moderate,8.6,High Sugar,2025-04-07 20:52:34.915534,35,6,2025-05-12 20:52:34.915534,Bloating,4,2025,6.0,30.0,Mood Swings,38.0,4.5,3,5.64,Bloating,77.0,2025-05-15 20:52:34.915534,"['Stay hydrated', 'Eat smaller balanced meals', 'Try gentle physical activity', 'Avoid foods that personally worsen bloating']"
13,35,22.46,3,Moderate,8.6,High Sugar,2025-05-12 20:52:34.915534,25,3,2025-06-06 20:52:34.915534,Fatigue,5,2025,6.0,35.0,Bloating,37.0,5.0,4,4.08,Fatigue,69.5,2025-06-18 20:52:34.915534,"['Get adequate sleep', 'Stay hydrated', 'Eat regular balanced meals', 'Take adequate rest']"
13,35,22.46,3,Moderate,8.6,High Sugar,2025-06-06 20:52:34.915534,35,4,2025-07-11 20:52:34.915534,Bloating,6,2025,3.0,25.0,Fatigue,34.0,4.5,5,4.485,Bloating,75.0,2025-07-10 20:52:34.915534,"['Stay hydrated', 'Eat smaller balanced meals', 'Try gentle physical activity', 'Avoid foods that personally worsen bloating']"
13,35,22.46,3,Moderate,8.6,High Sugar,2025-07-11 20:52:34.915534,48,7,2025-08-28 20:52:34.915534,Cramps,7,2025,4.0,35.0,Bloating,34.2,4.4,6,4.52,Cramps,68.5,2025-08-14 20:52:34.915534,"['Use a warm compress', 'Stay hydrated', 'Take adequate rest', 'Try gentle movement']"
13,35,22.46,3,Moderate,8.6,High Sugar,2025-08-28 20:52:34.915534,41,7,2025-10-08 20:52:34.915534,Bloating,8,2025,7.0,48.0,Cramps,36.5,4.833333333333333,7,4.88,Bloating,74.5,2025-10-03 20:52:34.915534,"['Stay hydrated', 'Eat smaller balanced meals', 'Try gentle physical activity', 'Avoid foods that personally worsen bloating']"
13,35,22.46,3,Moderate,8.6,High Sugar,2025-10-08 20:52:34.915534,41,7,2025-11-18 20:52:34.915534,Headache,10,2025,7.0,41.0,Bloating,37.142857142857146,5.142857142857143,8,6.355,Bloating,34.0,2025-11-14 20:52:34.915534,"['Stay hydrated', 'Eat smaller balanced meals', 'Try gentle physical activity', 'Avoid foods that personally worsen bloating']"
13,35,22.46,3,Moderate,8.6,High Sugar,2025-11-18 20:52:34.915534,48,7,2026-01-05 20:52:34.915534,Bloating,11,2025,7.0,41.0,Headache,37.625,5.375,9,6.36,Bloating,71.5,2025-12-26 20:52:34.915534,"['Stay hydrated', 'Eat smaller balanced meals', 'Try gentle physical activity', 'Avoid foods that personally worsen bloating']"
13,35,22.46,3,Moderate,8.6,High Sugar,2026-01-05 20:52:34.915534,35,5,2026-02-09 20:52:34.915534,Fatigue,1,2026,7.0,48.0,Bloating,38.77777777777778,5.555555555555555,10,5.28,Bloating,36.0,2026-02-13 20:52:34.915534,"['Stay hydrated', 'Eat smaller balanced meals', 'Try gentle physical activity', 'Avoid foods that personally worsen bloating']"
13,35,22.46,3,Moderate,8.6,High Sugar,2026-02-09 20:52:34.915534,28,5,2026-03-09 20:52:34.915534,Headache,2,2026,5.0,35.0,Fatigue,38.4,5.5,11,5.11,Headache,74.0,2026-03-19 20:52:34.915534,"['Stay hydrated', 'Eat meals regularly', 'Get adequate sleep', 'Take breaks from prolonged screen use']"
14,26,19.22,2,Low,6.2,High Sugar,2023-12-07 20:52:34.915572,39,6,2024-01-15 20:52:34.915572,Headache,12,2023,3.0,40.0,Cramps,40.0,3.0,2,5.64,Mood Swings,34.0,2024-01-16 20:52:34.915572,"['Maintain adequate sleep', 'Eat regular balanced meals', 'Try gentle exercise', 'Practice relaxation and stress management']"
14,26,19.22,2,Low,6.2,High Sugar,2024-01-15 20:52:34.915572,27,6,2024-02-11 20:52:34.915572,Mood Swings,1,2024,6.0,39.0,Headache,39.5,4.5,3,5.605,Mood Swings,68.0,2024-02-24 20:52:34.915572,"['Maintain adequate sleep', 'Eat regular balanced meals', 'Try gentle exercise', 'Practice relaxation and stress management']"
14,26,19.22,2,Low,6.2,High Sugar,2024-02-11 20:52:34.915572,33,3,2024-03-15 20:52:34.915572,Cramps,2,2024,6.0,27.0,Mood Swings,35.333333333333336,5.0,4,3.895,Cramps,73.5,2024-03-17 20:52:34.915572,"['Use a warm compress', 'Stay hydrated', 'Take adequate rest', 'Try gentle movement']"
14,26,19.22,2,Low,6.2,High Sugar,2024-03-15 20:52:34.915572,46,3,2024-04-30 20:52:34.915572,Fatigue,3,2024,3.0,33.0,Cramps,34.75,4.5,5,5.65,Fatigue,64.0,2024-04-19 20:52:34.915572,"['Get adequate sleep', 'Stay hydrated', 'Eat regular balanced meals', 'Take adequate rest']"
14,26,19.22,2,Low,6.2,High Sugar,2024-04-30 20:52:34.915572,32,6,2024-06-01 20:52:34.915572,Mood Swings,4,2024,3.0,46.0,Fatigue,37.0,4.2,6,5.825,Mood Swings,71.0,2024-06-06 20:52:34.915572,"['Maintain adequate sleep', 'Eat regular balanced meals', 'Try gentle exercise', 'Practice relaxation and stress management']"
14,26,19.22,2,Low,6.2,High Sugar,2024-06-01 20:52:34.915572,40,4,2024-07-11 20:52:34.915572,Cramps,6,2024,6.0,32.0,Mood Swings,36.166666666666664,4.5,7,5.32,Cramps,79.0,2024-07-07 20:52:34.915572,"['Use a warm compress', 'Stay hydrated', 'Take adequate rest', 'Try gentle movement']"
14,26,19.22,2,Low,6.2,High Sugar,2024-07-11 20:52:34.915572,28,6,2024-08-08 20:52:34.915572,Fatigue,7,2024,4.0,40.0,Cramps,36.714285714285715,4.428571428571429,8,5.885,Mood Swings,30.0,2024-08-17 20:52:34.915572,"['Maintain adequate sleep', 'Eat regular balanced meals', 'Try gentle exercise', 'Practice relaxation and stress management']"
15,39,26.63,5,High,7.0,Balanced,2023-05-01 20:52:34.915606,33,6,2023-06-03 20:52:34.915606,Mood Swings,5,2023,6.0,42.0,Cramps,42.0,6.0,2,5.71,Cramps,34.5,2023-06-12 20:52:34.915606,"['Use a warm compress', 'Stay hydrated', 'Take adequate rest', 'Try gentle movement']"
15,39,26.63,5,High,7.0,Balanced,2023-06-03 20:52:34.915606,34,4,2023-07-07 20:52:34.915606,Mood Swings,6,2023,6.0,33.0,Mood Swings,37.5,6.0,3,4.195,Fatigue,35.0,2023-07-11 20:52:34.915606,"['Get adequate sleep', 'Stay hydrated', 'Eat regular balanced meals', 'Take adequate rest']"
15,39,26.63,5,High,7.0,Balanced,2023-07-07 20:52:34.915606,45,7,2023-08-21 20:52:34.915606,Fatigue,7,2023,4.0,34.0,Mood Swings,36.333333333333336,5.333333333333333,4,6.045,Fatigue,71.5,2023-08-12 20:52:34.915606,"['Get adequate sleep', 'Stay hydrated', 'Eat regular balanced meals', 'Take adequate rest']"
15,39,26.63,5,High,7.0,Balanced,2023-08-21 20:52:34.915606,27,7,2023-09-17 20:52:34.915606,Fatigue,8,2023,7.0,45.0,Fatigue,38.5,5.75,5,6.105,Fatigue,74.0,2023-09-28 20:52:34.915606,"['Get adequate sleep', 'Stay hydrated', 'Eat regular balanced meals', 'Take adequate rest']"
15,39,26.63,5,High,7.0,Balanced,2023-09-17 20:52:34.915606,47,3,2023-11-03 20:52:34.915606,Mood Swings,9,2023,7.0,27.0,Fatigue,36.2,6.0,6,3.8,Mood Swings,61.5,2023-10-23 20:52:34.915606,"['Maintain adequate sleep', 'Eat regular balanced meals', 'Try gentle exercise', 'Practice relaxation and stress management']"
15,39,26.63,5,High,7.0,Balanced,2023-11-03 20:52:34.915606,36,6,2023-12-09 20:52:34.915606,Bloating,11,2023,3.0,47.0,Mood Swings,38.0,5.5,7,5.96,Bloating,72.5,2023-12-11 20:52:34.915606,"['Stay hydrated', 'Eat smaller balanced meals', 'Try gentle physical activity', 'Avoid foods that personally worsen bloating']"
16,23,27.15,2,Moderate,6.8,Balanced,2024-01-28 20:52:34.915634,44,7,2024-03-12 20:52:34.915634,Mood Swings,1,2024,3.0,35.0,Bloating,35.0,3.0,2,6.49,Mood Swings,64.5,2024-03-03 20:52:34.915634,"['Maintain adequate sleep', 'Eat regular balanced meals', 'Try gentle exercise', 'Practice relaxation and stress management']"
16,23,27.15,2,Moderate,6.8,Balanced,2024-03-12 20:52:34.915634,26,3,2024-04-07 20:52:34.915634,Cramps,3,2024,7.0,44.0,Mood Swings,39.5,5.0,3,3.91,Cramps,74.0,2024-04-21 20:52:34.915634,"['Use a warm compress', 'Stay hydrated', 'Take adequate rest', 'Try gentle movement']"
16,23,27.15,2,Moderate,6.8,Balanced,2024-04-07 20:52:34.915634,28,4,2024-05-05 20:52:34.915634,Headache,4,2024,3.0,26.0,Cramps,35.0,4.333333333333333,4,4.545,Headache,71.5,2024-05-12 20:52:34.915634,"['Stay hydrated', 'Eat meals regularly', 'Get adequate sleep', 'Take breaks from prolonged screen use']"
16,23,27.15,2,Moderate,6.8,Balanced,2024-05-05 20:52:34.915634,27,6,2024-06-01 20:52:34.915634,Mood Swings,5,2024,4.0,28.0,Headache,33.25,4.25,5,5.555,Mood Swings,69.5,2024-06-07 20:52:34.915634,"['Maintain adequate sleep', 'Eat regular balanced meals', 'Try gentle exercise', 'Practice relaxation and stress management']"
16,23,27.15,2,Moderate,6.8,Balanced,2024-06-01 20:52:34.915634,42,4,2024-07-13 20:52:34.915634,Cramps,6,2024,6.0,27.0,Mood Swings,32.0,4.6,6,4.535,Cramps,68.0,2024-07-03 20:52:34.915634,"['Use a warm compress', 'Stay hydrated', 'Take adequate rest', 'Try gentle movement']"
16,23,27.15,2,Moderate,6.8,Balanced,2024-07-13 20:52:34.915634,31,7,2024-08-13 20:52:34.915634,Cramps,7,2024,4.0,42.0,Cramps,33.666666666666664,4.5,7,6.25,Cramps,70.0,2024-08-16 20:52:34.915634,"['Use a warm compress', 'Stay hydrated', 'Take adequate rest', 'Try gentle movement']"
16,23,27.15,2,Moderate,6.8,Balanced,2024-08-13 20:52:34.915634,36,5,2024-09-18 20:52:34.915634,Bloating,8,2024,7.0,31.0,Cramps,33.285714285714285,4.857142857142857,8,5.03,Bloating,68.0,2024-09-15 20:52:34.915634,"['Stay hydrated', 'Eat smaller balanced meals', 'Try gentle physical activity', 'Avoid foods that personally worsen bloating']"
17,41,23.92,5,High,7.8,High Sugar,2023-06-27 20:52:34.915665,26,3,2023-07-23 20:52:34.915665,Headache,6,2023,3.0,26.0,Headache,26.0,3.0,2,4.38,Headache,63.5,2023-07-23 20:52:34.915665,"['Stay hydrated', 'Eat meals regularly', 'Get adequate sleep', 'Take breaks from prolonged screen use']"
17,41,23.92,5,High,7.8,High Sugar,2023-07-23 20:52:34.915665,49,7,2023-09-10 20:52:34.915665,Bloating,7,2023,3.0,26.0,Headache,26.0,3.0,3,6.195,Bloating,67.0,2023-08-18 20:52:34.915665,"['Stay hydrated', 'Eat smaller balanced meals', 'Try gentle physical activity', 'Avoid foods that personally worsen bloating']"
17,41,23.92,5,High,7.8,High Sugar,2023-09-10 20:52:34.915665,37,7,2023-10-17 20:52:34.915665,Fatigue,9,2023,7.0,49.0,Bloating,33.666666666666664,4.333333333333333,4,4.51,Fatigue,71.0,2023-10-14 20:52:34.915665,"['Get adequate sleep', 'Stay hydrated', 'Eat regular balanced meals', 'Take adequate rest']"
17,41,23.92,5,High,7.8,High Sugar,2023-10-17 20:52:34.915665,35,4,2023-11-21 20:52:34.915665,Fatigue,10,2023,7.0,37.0,Fatigue,34.5,5.0,5,4.355,Fatigue,68.5,2023-11-20 20:52:34.915665,"['Get adequate sleep', 'Stay hydrated', 'Eat regular balanced meals', 'Take adequate rest']"
17,41,23.92,5,High,7.8,High Sugar,2023-11-21 20:52:34.915665,26,7,2023-12-17 20:52:34.915665,Bloating,11,2023,4.0,35.0,Fatigue,34.6,4.8,6,4.745,Bloating,66.5,2023-12-26 20:52:34.915665,"['Stay hydrated', 'Eat smaller balanced meals', 'Try gentle physical activity', 'Avoid foods that personally worsen bloating']"
17,41,23.92,5,High,7.8,High Sugar,2023-12-17 20:52:34.915665,35,5,2024-01-21 20:52:34.915665,Cramps,12,2023,7.0,26.0,Bloating,33.166666666666664,5.166666666666667,7,4.875,Cramps,70.5,2024-01-19 20:52:34.915665,"['Use a warm compress', 'Stay hydrated', 'Take adequate rest', 'Try gentle movement']"
17,41,23.92,5,High,7.8,High Sugar,2024-01-21 20:52:34.915665,47,4,2024-03-08 20:52:34.915665,Mood Swings,1,2024,5.0,35.0,Cramps,33.42857142857143,5.142857142857143,8,4.385,Mood Swings,70.0,2024-02-23 20:52:34.915665,"['Maintain adequate sleep', 'Eat regular balanced meals', 'Try gentle exercise', 'Practice relaxation and stress management']"
17,41,23.92,5,High,7.8,High Sugar,2024-03-08 20:52:34.915665,38,4,2024-04-15 20:52:34.915665,Mood Swings,3,2024,4.0,47.0,Mood Swings,35.125,5.0,9,4.485,Mood Swings,62.0,2024-04-12 20:52:34.915665,"['Maintain adequate sleep', 'Eat regular balanced meals', 'Try gentle exercise', 'Practice relaxation and stress management']"
17,41,23.92,5,High,7.8,High Sugar,2024-04-15 20:52:34.915665,38,7,2024-05-23 20:52:34.915665,Bloating,4,2024,4.0,38.0,Mood Swings,35.44444444444444,4.888888888888889,10,5.93,Bloating,64.5,2024-05-20 20:52:34.915665,"['Stay hydrated', 'Eat smaller balanced meals', 'Try gentle physical activity', 'Avoid foods that personally worsen bloating']"
18,20,26.92,1,High,6.1,Balanced,2023-11-13 20:52:34.915700,40,5,2023-12-23 20:52:34.915700,Bloating,11,2023,6.0,42.0,Fatigue,42.0,6.0,2,5.295,Bloating,67.0,2023-12-25 20:52:34.915700,"['Stay hydrated', 'Eat smaller balanced meals', 'Try gentle physical activity', 'Avoid foods that personally worsen bloating']"
18,20,26.92,1,High,6.1,Balanced,2023-12-23 20:52:34.915700,25,7,2024-01-17 20:52:34.915700,Headache,12,2023,5.0,40.0,Bloating,41.0,5.5,3,6.025,Headache,71.5,2024-02-02 20:52:34.915700,"['Stay hydrated', 'Eat meals regularly', 'Get adequate sleep', 'Take breaks from prolonged screen use']"
18,20,26.92,1,High,6.1,Balanced,2024-01-17 20:52:34.915700,26,4,2024-02-12 20:52:34.915700,Mood Swings,1,2024,7.0,25.0,Headache,35.666666666666664,6.0,4,4.22,Mood Swings,73.5,2024-02-22 20:52:34.915700,"['Maintain adequate sleep', 'Eat regular balanced meals', 'Try gentle exercise', 'Practice relaxation and stress management']"
18,20,26.92,1,High,6.1,Balanced,2024-02-12 20:52:34.915700,42,5,2024-03-25 20:52:34.915700,Headache,2,2024,4.0,26.0,Mood Swings,33.25,5.5,5,4.955,Headache,64.5,2024-03-16 20:52:34.915700,"['Stay hydrated', 'Eat meals regularly', 'Get adequate sleep', 'Take breaks from prolonged screen use']"
18,20,26.92,1,High,6.1,Balanced,2024-03-25 20:52:34.915700,31,4,2024-04-25 20:52:34.915700,Cramps,3,2024,5.0,42.0,Headache,35.0,5.4,6,4.235,Cramps,72.5,2024-04-29 20:52:34.915700,"['Use a warm compress', 'Stay hydrated', 'Take adequate rest', 'Try gentle movement']"
18,20,26.92,1,High,6.1,Balanced,2024-04-25 20:52:34.915700,35,5,2024-05-30 20:52:34.915700,Bloating,4,2024,4.0,31.0,Cramps,34.333333333333336,5.166666666666667,7,4.955,Bloating,67.5,2024-05-29 20:52:34.915700,"['Stay hydrated', 'Eat smaller balanced meals', 'Try gentle physical activity', 'Avoid foods that personally worsen bloating']"
18,20,26.92,1,High,6.1,Balanced,2024-05-30 20:52:34.915700,31,5,2024-06-30 20:52:34.915700,Fatigue,5,2024,5.0,35.0,Bloating,34.42857142857143,5.142857142857143,8,4.685,Fatigue,69.0,2024-07-03 20:52:34.915700,"['Get adequate sleep', 'Stay hydrated', 'Eat regular balanced meals', 'Take adequate rest']"
18,20,26.92,1,High,6.1,Balanced,2024-06-30 20:52:34.915700,41,3,2024-08-10 20:52:34.915700,Cramps,6,2024,5.0,31.0,Fatigue,34.0,5.125,9,4.03,Cramps,68.5,2024-08-03 20:52:34.915700,"['Use a warm compress', 'Stay hydrated', 'Take adequate rest', 'Try gentle movement']"
18,20,26.92,1,High,6.1,Balanced,2024-08-10 20:52:34.915700,44,4,2024-09-23 20:52:34.915700,Cramps,8,2024,3.0,41.0,Cramps,34.77777777777778,4.888888888888889,10,4.345,Mood Swings,37.5,2024-09-14 20:52:34.915700,"['Maintain adequate sleep', 'Eat regular balanced meals', 'Try gentle exercise', 'Practice relaxation and stress management']"
18,20,26.92,1,High,6.1,Balanced,2024-09-23 20:52:34.915700,26,4,2024-10-19 20:52:34.915700,Mood Swings,9,2024,4.0,44.0,Cramps,35.7,4.8,11,4.37,Mood Swings,69.0,2024-10-29 20:52:34.915700,"['Maintain adequate sleep', 'Eat regular balanced meals', 'Try gentle exercise', 'Practice relaxation and stress management']"
19,21,21.57,1,Low,8.0,Balanced,2025-01-28 20:52:34.915736,33,7,2025-03-02 20:52:34.915736,Headache,1,2025,7.0,38.0,Cramps,38.0,7.0,2,6.45,Headache,61.5,2025-03-07 20:52:34.915736,"['Stay hydrated', 'Eat meals regularly', 'Get adequate sleep', 'Take breaks from prolonged screen use']"
19,21,21.57,1,Low,8.0,Balanced,2025-03-02 20:52:34.915736,46,4,2025-04-17 20:52:34.915736,Mood Swings,3,2025,7.0,33.0,Headache,35.5,7.0,3,5.39,Headache,27.500000000000004,2025-04-07 20:52:34.915736,"['Stay hydrated', 'Eat meals regularly', 'Get adequate sleep', 'Take breaks from prolonged screen use']"
19,21,21.57,1,Low,8.0,Balanced,2025-04-17 20:52:34.915736,44,5,2025-05-31 20:52:34.915736,Mood Swings,4,2025,4.0,46.0,Mood Swings,39.0,6.0,4,4.62,Mood Swings,73.5,2025-05-26 20:52:34.915736,"['Maintain adequate sleep', 'Eat regular balanced meals', 'Try gentle exercise', 'Practice relaxation and stress management']"
19,21,21.57,1,Low,8.0,Balanced,2025-05-31 20:52:34.915736,42,3,2025-07-12 20:52:34.915736,Mood Swings,5,2025,5.0,44.0,Mood Swings,40.25,5.75,5,3.66,Mood Swings,70.5,2025-07-10 20:52:34.915736,"['Maintain adequate sleep', 'Eat regular balanced meals', 'Try gentle exercise', 'Practice relaxation and stress management']"
19,21,21.57,1,Low,8.0,Balanced,2025-07-12 20:52:34.915736,28,4,2025-08-09 20:52:34.915736,Bloating,7,2025,3.0,42.0,Mood Swings,40.6,5.2,6,4.365,Mood Swings,49.5,2025-08-22 20:52:34.915736,"['Maintain adequate sleep', 'Eat regular balanced meals', 'Try gentle exercise', 'Practice relaxation and stress management']"
19,21,21.57,1,Low,8.0,Balanced,2025-08-09 20:52:34.915736,37,7,2025-09-15 20:52:34.915736,Mood Swings,8,2025,4.0,28.0,Bloating,38.5,5.0,7,6.175,Mood Swings,72.0,2025-09-16 20:52:34.915736,"['Maintain adequate sleep', 'Eat regular balanced meals', 'Try gentle exercise', 'Practice relaxation and stress management']"
20,45,24.82,4,Low,7.5,Low Carb,2024-01-17 20:52:34.915762,43,7,2024-02-29 20:52:34.915762,Bloating,1,2024,7.0,29.0,Bloating,29.0,7.0,2,6.595,Bloating,71.5,2024-02-15 20:52:34.915762,"['Stay hydrated', 'Eat smaller balanced meals', 'Try gentle physical activity', 'Avoid foods that personally worsen bloating']"
20,45,24.82,4,Low,7.5,Low Carb,2024-02-29 20:52:34.915762,29,5,2024-03-29 20:52:34.915762,Bloating,2,2024,7.0,43.0,Bloating,36.0,7.0,3,4.805,Bloating,76.0,2024-04-05 20:52:34.915762,"['Stay hydrated', 'Eat smaller balanced meals', 'Try gentle physical activity', 'Avoid foods that personally worsen bloating']"
20,45,24.82,4,Low,7.5,Low Carb,2024-03-29 20:52:34.915762,39,3,2024-05-07 20:52:34.915762,Cramps,3,2024,5.0,29.0,Bloating,33.666666666666664,6.333333333333333,4,3.745,Cramps,68.0,2024-05-02 20:52:34.915762,"['Use a warm compress', 'Stay hydrated', 'Take adequate rest', 'Try gentle movement']"
20,45,24.82,4,Low,7.5,Low Carb,2024-05-07 20:52:34.915762,36,6,2024-06-12 20:52:34.915762,Bloating,5,2024,3.0,39.0,Cramps,35.0,5.5,5,5.535,Bloating,68.0,2024-06-11 20:52:34.915762,"['Stay hydrated', 'Eat smaller balanced meals', 'Try gentle physical activity', 'Avoid foods that personally worsen bloating']"
20,45,24.82,4,Low,7.5,Low Carb,2024-06-12 20:52:34.915762,47,3,2024-07-29 20:52:34.915762,Fatigue,6,2024,6.0,36.0,Bloating,35.2,5.6,6,3.445,Bloating,38.0,2024-07-17 20:52:34.915762,"['Stay hydrated', 'Eat smaller balanced meals', 'Try gentle physical activity', 'Avoid foods that personally worsen bloating']"
20,45,24.82,4,Low,7.5,Low Carb,2024-07-29 20:52:34.915762,34,7,2024-09-01 20:52:34.915762,Fatigue,7,2024,3.0,47.0,Fatigue,37.166666666666664,5.166666666666667,7,6.345,Fatigue,74.5,2024-09-04 20:52:34.915762,"['Get adequate sleep', 'Stay hydrated', 'Eat regular balanced meals', 'Take adequate rest']"
21,19,23.6,5,Low,5.6,Balanced,2024-05-20 20:52:34.915794,50,6,2024-07-09 20:52:34.915794,Fatigue,5,2024,7.0,30.0,Cramps,30.0,7.0,2,5.78,Fatigue,65.0,2024-06-19 20:52:34.915794,"['Get adequate sleep', 'Stay hydrated', 'Eat regular balanced meals', 'Take adequate rest']"
21,19,23.6,5,Low,5.6,Balanced,2024-07-09 20:52:34.915794,48,7,2024-08-26 20:52:34.915794,Cramps,7,2024,6.0,50.0,Fatigue,40.0,6.5,3,6.11,Cramps,73.0,2024-08-18 20:52:34.915794,"['Use a warm compress', 'Stay hydrated', 'Take adequate rest', 'Try gentle movement']"
21,19,23.6,5,Low,5.6,Balanced,2024-08-26 20:52:34.915794,33,4,2024-09-28 20:52:34.915794,Bloating,8,2024,7.0,48.0,Cramps,42.666666666666664,6.666666666666667,4,5.11,Bloating,60.5,2024-10-08 20:52:34.915794,"['Stay hydrated', 'Eat smaller balanced meals', 'Try gentle physical activity', 'Avoid foods that personally worsen bloating']"
21,19,23.6,5,Low,5.6,Balanced,2024-09-28 20:52:34.915794,32,7,2024-10-30 20:52:34.915794,Cramps,9,2024,4.0,33.0,Bloating,40.25,6.0,5,5.83,Cramps,73.0,2024-11-07 20:52:34.915794,"['Use a warm compress', 'Stay hydrated', 'Take adequate rest', 'Try gentle movement']"
21,19,23.6,5,Low,5.6,Balanced,2024-10-30 20:52:34.915794,41,6,2024-12-10 20:52:34.915794,Mood Swings,10,2024,7.0,32.0,Cramps,38.6,6.2,6,5.335,Mood Swings,66.5,2024-12-08 20:52:34.915794,"['Maintain adequate sleep', 'Eat regular balanced meals', 'Try gentle exercise', 'Practice relaxation and stress management']"
21,19,23.6,5,Low,5.6,Balanced,2024-12-10 20:52:34.915794,31,3,2025-01-10 20:52:34.915794,Fatigue,12,2024,6.0,41.0,Mood Swings,39.0,6.166666666666667,7,4.1,Fatigue,63.5,2025-01-18 20:52:34.915794,"['Get adequate sleep', 'Stay hydrated', 'Eat regular balanced meals', 'Take adequate rest']"
22,33,28.82,4,High,8.7,Vegetarian,2023-07-11 20:52:34.915824,41,5,2023-08-21 20:52:34.915824,Headache,7,2023,5.0,37.0,Fatigue,37.0,5.0,2,4.835,Headache,65.5,2023-08-17 20:52:34.915824,"['Stay hydrated', 'Eat meals regularly', 'Get adequate sleep', 'Take breaks from prolonged screen use']"
22,33,28.82,4,High,8.7,Vegetarian,2023-08-21 20:52:34.915824,29,3,2023-09-19 20:52:34.915824,Cramps,8,2023,5.0,41.0,Headache,39.0,5.0,3,3.81,Cramps,68.5,2023-09-29 20:52:34.915824,"['Use a warm compress', 'Stay hydrated', 'Take adequate rest', 'Try gentle movement']"
22,33,28.82,4,High,8.7,Vegetarian,2023-09-19 20:52:34.915824,42,4,2023-10-31 20:52:34.915824,Bloating,9,2023,3.0,29.0,Cramps,35.666666666666664,4.333333333333333,4,5.3,Bloating,69.0,2023-10-25 20:52:34.915824,"['Stay hydrated', 'Eat smaller balanced meals', 'Try gentle physical activity', 'Avoid foods that personally worsen bloating']"
22,33,28.82,4,High,8.7,Vegetarian,2023-10-31 20:52:34.915824,46,7,2023-12-16 20:52:34.915824,Headache,10,2023,4.0,42.0,Bloating,37.25,4.25,5,5.725,Headache,41.0,2023-12-07 20:52:34.915824,"['Stay hydrated', 'Eat meals regularly', 'Get adequate sleep', 'Take breaks from prolonged screen use']"
22,33,28.82,4,High,8.7,Vegetarian,2023-12-16 20:52:34.915824,49,3,2024-02-03 20:52:34.915824,Headache,12,2023,7.0,46.0,Headache,39.0,4.8,6,3.63,Headache,70.5,2024-01-24 20:52:34.915824,"['Stay hydrated', 'Eat meals regularly', 'Get adequate sleep', 'Take breaks from prolonged screen use']"
23,44,24.97,1,Low,5.2,Balanced,2025-02-10 20:52:34.915846,48,6,2025-03-30 20:52:34.915846,Bloating,2,2025,4.0,49.0,Bloating,49.0,4.0,2,5.605,Bloating,78.5,2025-03-31 20:52:34.915846,"['Stay hydrated', 'Eat smaller balanced meals', 'Try gentle physical activity', 'Avoid foods that personally worsen bloating']"
23,44,24.97,1,Low,5.2,Balanced,2025-03-30 20:52:34.915846,29,3,2025-04-28 20:52:34.915846,Mood Swings,3,2025,6.0,48.0,Bloating,48.5,5.0,3,3.855,Bloating,41.5,2025-05-17 20:52:34.915846,"['Stay hydrated', 'Eat smaller balanced meals', 'Try gentle physical activity', 'Avoid foods that personally worsen bloating']"
23,44,24.97,1,Low,5.2,Balanced,2025-04-28 20:52:34.915846,37,3,2025-06-04 20:52:34.915846,Headache,4,2025,3.0,29.0,Mood Swings,42.0,4.333333333333333,4,4.025,Headache,67.5,2025-06-09 20:52:34.915846,"['Stay hydrated', 'Eat meals regularly', 'Get adequate sleep', 'Take breaks from prolonged screen use']"
23,44,24.97,1,Low,5.2,Balanced,2025-06-04 20:52:34.915846,29,7,2025-07-03 20:52:34.915846,Bloating,6,2025,3.0,37.0,Headache,40.75,4.0,5,6.18,Bloating,69.0,2025-07-15 20:52:34.915846,"['Stay hydrated', 'Eat smaller balanced meals', 'Try gentle physical activity', 'Avoid foods that personally worsen bloating']"
23,44,24.97,1,Low,5.2,Balanced,2025-07-03 20:52:34.915846,31,7,2025-08-03 20:52:34.915846,Mood Swings,7,2025,7.0,29.0,Bloating,38.4,4.6,6,6.07,Mood Swings,68.0,2025-08-10 20:52:34.915846,"['Maintain adequate sleep', 'Eat regular balanced meals', 'Try gentle exercise', 'Practice relaxation and stress management']"
23,44,24.97,1,Low,5.2,Balanced,2025-08-03 20:52:34.915846,31,4,2025-09-03 20:52:34.915846,Bloating,8,2025,7.0,31.0,Mood Swings,37.166666666666664,5.0,7,4.375,Bloating,72.0,2025-09-09 20:52:34.915846,"['Stay hydrated', 'Eat smaller balanced meals', 'Try gentle physical activity', 'Avoid foods that personally worsen bloating']"
24,19,27.84,3,High,8.8,Vegetarian,2025-02-05 20:52:34.915878,45,4,2025-03-22 20:52:34.915878,Cramps,2,2025,4.0,42.0,Mood Swings,42.0,4.0,2,4.455,Cramps,69.0,2025-03-19 20:52:34.915878,"['Use a warm compress', 'Stay hydrated', 'Take adequate rest', 'Try gentle movement']"
24,19,27.84,3,High,8.8,Vegetarian,2025-03-22 20:52:34.915878,29,4,2025-04-20 20:52:34.915878,Headache,3,2025,4.0,45.0,Cramps,43.5,4.0,3,4.625,Headache,72.5,2025-05-05 20:52:34.915878,"['Stay hydrated', 'Eat meals regularly', 'Get adequate sleep', 'Take breaks from prolonged screen use']"
24,19,27.84,3,High,8.8,Vegetarian,2025-04-20 20:52:34.915878,40,4,2025-05-30 20:52:34.915878,Mood Swings,4,2025,4.0,29.0,Headache,38.666666666666664,4.0,4,4.455,Mood Swings,69.5,2025-05-29 20:52:34.915878,"['Maintain adequate sleep', 'Eat regular balanced meals', 'Try gentle exercise', 'Practice relaxation and stress management']"
24,19,27.84,3,High,8.8,Vegetarian,2025-05-30 20:52:34.915878,31,6,2025-06-30 20:52:34.915878,Fatigue,5,2025,4.0,40.0,Mood Swings,39.0,4.0,5,5.285,Cramps,30.5,2025-07-08 20:52:34.915878,"['Use a warm compress', 'Stay hydrated', 'Take adequate rest', 'Try gentle movement']"
24,19,27.84,3,High,8.8,Vegetarian,2025-06-30 20:52:34.915878,40,6,2025-08-09 20:52:34.915878,Fatigue,6,2025,6.0,31.0,Fatigue,37.4,4.4,6,5.465,Fatigue,69.0,2025-08-06 20:52:34.915878,"['Get adequate sleep', 'Stay hydrated', 'Eat regular balanced meals', 'Take adequate rest']"
24,19,27.84,3,High,8.8,Vegetarian,2025-08-09 20:52:34.915878,38,5,2025-09-16 20:52:34.915878,Fatigue,8,2025,6.0,40.0,Fatigue,37.833333333333336,4.666666666666667,7,5.035,Fatigue,68.0,2025-09-16 20:52:34.915878,"['Get adequate sleep', 'Stay hydrated', 'Eat regular balanced meals', 'Take adequate rest']"
24,19,27.84,3,High,8.8,Vegetarian,2025-09-16 20:52:34.915878,26,6,2025-10-12 20:52:34.915878,Bloating,9,2025,5.0,38.0,Fatigue,37.857142857142854,4.714285714285714,8,5.46,Bloating,62.5,2025-10-24 20:52:34.915878,"['Stay hydrated', 'Eat smaller balanced meals', 'Try gentle physical activity', 'Avoid foods that personally worsen bloating']"
24,19,27.84,3,High,8.8,Vegetarian,2025-10-12 20:52:34.915878,29,4,2025-11-10 20:52:34.915878,Mood Swings,10,2025,6.0,26.0,Bloating,36.375,4.875,9,4.35,Mood Swings,73.5,2025-11-17 20:52:34.915878,"['Maintain adequate sleep', 'Eat regular balanced meals', 'Try gentle exercise', 'Practice relaxation and stress management']"
24,19,27.84,3,High,8.8,Vegetarian,2025-11-10 20:52:34.915878,33,7,2025-12-13 20:52:34.915878,Mood Swings,11,2025,4.0,29.0,Mood Swings,35.55555555555556,4.777777777777778,10,5.96,Mood Swings,75.5,2025-12-16 20:52:34.915878,"['Maintain adequate sleep', 'Eat regular balanced meals', 'Try gentle exercise', 'Practice relaxation and stress management']"
25,26,29.46,2,High,8.0,Vegetarian,2024-07-26 20:52:34.915912,38,4,2024-09-02 20:52:34.915912,Fatigue,7,2024,4.0,46.0,Headache,46.0,4.0,2,5.58,Cramps,41.0,2024-09-10 20:52:34.915912,"['Use a warm compress', 'Stay hydrated', 'Take adequate rest', 'Try gentle movement']"
25,26,29.46,2,High,8.0,Vegetarian,2024-09-02 20:52:34.915912,45,7,2024-10-17 20:52:34.915912,Cramps,9,2024,4.0,38.0,Fatigue,42.0,4.0,3,6.36,Cramps,80.0,2024-10-14 20:52:34.915912,"['Use a warm compress', 'Stay hydrated', 'Take adequate rest', 'Try gentle movement']"
25,26,29.46,2,High,8.0,Vegetarian,2024-10-17 20:52:34.915912,43,7,2024-11-29 20:52:34.915912,Headache,10,2024,7.0,45.0,Cramps,43.0,5.0,4,6.18,Headache,69.0,2024-11-29 20:52:34.915912,"['Stay hydrated', 'Eat meals regularly', 'Get adequate sleep', 'Take breaks from prolonged screen use']"
25,26,29.46,2,High,8.0,Vegetarian,2024-11-29 20:52:34.915912,33,5,2025-01-01 20:52:34.915912,Fatigue,11,2024,7.0,43.0,Headache,43.0,5.5,5,5.37,Fatigue,64.5,2025-01-11 20:52:34.915912,"['Get adequate sleep', 'Stay hydrated', 'Eat regular balanced meals', 'Take adequate rest']"
25,26,29.46,2,High,8.0,Vegetarian,2025-01-01 20:52:34.915912,30,5,2025-01-31 20:52:34.915912,Mood Swings,1,2025,5.0,33.0,Fatigue,41.0,5.4,6,4.93,Mood Swings,67.5,2025-02-11 20:52:34.915912,"['Maintain adequate sleep', 'Eat regular balanced meals', 'Try gentle exercise', 'Practice relaxation and stress management']"
25,26,29.46,2,High,8.0,Vegetarian,2025-01-31 20:52:34.915912,33,4,2025-03-05 20:52:34.915912,Cramps,1,2025,5.0,30.0,Mood Swings,39.166666666666664,5.333333333333333,7,4.405,Cramps,72.5,2025-03-11 20:52:34.915912,"['Use a warm compress', 'Stay hydrated', 'Take adequate rest', 'Try gentle movement']"
26,28,22.81,2,High,7.3,Balanced,2025-01-28 20:52:34.915940,39,5,2025-03-08 20:52:34.915940,Fatigue,1,2025,3.0,33.0,Mood Swings,33.0,3.0,2,5.245,Fatigue,67.0,2025-03-02 20:52:34.915940,"['Get adequate sleep', 'Stay hydrated', 'Eat regular balanced meals', 'Take adequate rest']"
26,28,22.81,2,High,7.3,Balanced,2025-03-08 20:52:34.915940,47,3,2025-04-24 20:52:34.915940,Bloating,3,2025,5.0,39.0,Fatigue,36.0,4.0,3,5.72,Bloating,71.5,2025-04-13 20:52:34.915940,"['Stay hydrated', 'Eat smaller balanced meals', 'Try gentle physical activity', 'Avoid foods that personally worsen bloating']"
26,28,22.81,2,High,7.3,Balanced,2025-04-24 20:52:34.915940,46,5,2025-06-09 20:52:34.915940,Bloating,4,2025,3.0,47.0,Bloating,39.666666666666664,3.6666666666666665,4,5.27,Headache,40.5,2025-06-03 20:52:34.915940,"['Stay hydrated', 'Eat meals regularly', 'Get adequate sleep', 'Take breaks from prolonged screen use']"
26,28,22.81,2,High,7.3,Balanced,2025-06-09 20:52:34.915940,48,5,2025-07-27 20:52:34.915940,Headache,6,2025,5.0,46.0,Bloating,41.25,4.0,5,5.245,Headache,73.5,2025-07-20 20:52:34.915940,"['Stay hydrated', 'Eat meals regularly', 'Get adequate sleep', 'Take breaks from prolonged screen use']"
26,28,22.81,2,High,7.3,Balanced,2025-07-27 20:52:34.915940,45,6,2025-09-10 20:52:34.915940,Mood Swings,7,2025,5.0,48.0,Headache,42.6,4.2,6,5.64,Mood Swings,65.0,2025-09-08 20:52:34.915940,"['Maintain adequate sleep', 'Eat regular balanced meals', 'Try gentle exercise', 'Practice relaxation and stress management']"
26,28,22.81,2,High,7.3,Balanced,2025-09-10 20:52:34.915940,50,4,2025-10-30 20:52:34.915940,Cramps,9,2025,6.0,45.0,Mood Swings,43.0,4.5,7,4.66,Cramps,69.0,2025-10-23 20:52:34.915940,"['Use a warm compress', 'Stay hydrated', 'Take adequate rest', 'Try gentle movement']"
27,45,18.75,3,High,6.3,Vegetarian,2025-02-12 20:52:34.915966,46,7,2025-03-30 20:52:34.915966,Cramps,2,2025,3.0,48.0,Bloating,48.0,3.0,2,5.41,Cramps,67.5,2025-04-01 20:52:34.915966,"['Use a warm compress', 'Stay hydrated', 'Take adequate rest', 'Try gentle movement']"
27,45,18.75,3,High,6.3,Vegetarian,2025-03-30 20:52:34.915966,25,5,2025-04-24 20:52:34.915966,Headache,3,2025,7.0,46.0,Cramps,47.0,5.0,3,4.98,Mood Swings,28.499999999999996,2025-05-16 20:52:34.915966,"['Maintain adequate sleep', 'Eat regular balanced meals', 'Try gentle exercise', 'Practice relaxation and stress management']"
27,45,18.75,3,High,6.3,Vegetarian,2025-04-24 20:52:34.915966,26,4,2025-05-20 20:52:34.915966,Fatigue,4,2025,5.0,25.0,Headache,39.666666666666664,5.0,4,4.335,Fatigue,74.0,2025-06-03 20:52:34.915966,"['Get adequate sleep', 'Stay hydrated', 'Eat regular balanced meals', 'Take adequate rest']"
27,45,18.75,3,High,6.3,Vegetarian,2025-05-20 20:52:34.915966,46,6,2025-07-05 20:52:34.915966,Bloating,5,2025,4.0,26.0,Fatigue,36.25,4.75,5,5.555,Bloating,71.0,2025-06-25 20:52:34.915966,"['Stay hydrated', 'Eat smaller balanced meals', 'Try gentle physical activity', 'Avoid foods that personally worsen bloating']"
27,45,18.75,3,High,6.3,Vegetarian,2025-07-05 20:52:34.915966,41,7,2025-08-15 20:52:34.915966,Mood Swings,7,2025,6.0,46.0,Bloating,38.2,5.0,6,4.955,Mood Swings,69.0,2025-08-12 20:52:34.915966,"['Maintain adequate sleep', 'Eat regular balanced meals', 'Try gentle exercise', 'Practice relaxation and stress management']"
27,45,18.75,3,High,6.3,Vegetarian,2025-08-15 20:52:34.915966,38,4,2025-09-22 20:52:34.915966,Headache,8,2025,7.0,41.0,Mood Swings,38.666666666666664,5.333333333333333,7,4.985,Mood Swings,27.0,2025-09-23 20:52:34.915966,"['Maintain adequate sleep', 'Eat regular balanced meals', 'Try gentle exercise', 'Practice relaxation and stress management']"
28,19,26.48,1,Low,6.9,Low Carb,2024-11-07 20:52:34.915992,27,4,2024-12-04 20:52:34.915992,Fatigue,11,2024,4.0,44.0,Headache,44.0,4.0,2,5.54,Bloating,36.5,2024-12-21 20:52:34.915992,"['Stay hydrated', 'Eat smaller balanced meals', 'Try gentle physical activity', 'Avoid foods that personally worsen bloating']"
28,19,26.48,1,Low,6.9,Low Carb,2024-12-04 20:52:34.915992,31,5,2025-01-04 20:52:34.915992,Bloating,12,2024,4.0,27.0,Fatigue,35.5,4.0,3,5.3,Bloating,37.5,2025-01-09 20:52:34.915992,"['Stay hydrated', 'Eat smaller balanced meals', 'Try gentle physical activity', 'Avoid foods that personally worsen bloating']"
28,19,26.48,1,Low,6.9,Low Carb,2025-01-04 20:52:34.915992,32,6,2025-02-05 20:52:34.915992,Bloating,1,2025,5.0,31.0,Bloating,34.0,4.333333333333333,4,5.63,Bloating,69.5,2025-02-07 20:52:34.915992,"['Stay hydrated', 'Eat smaller balanced meals', 'Try gentle physical activity', 'Avoid foods that personally worsen bloating']"
28,19,26.48,1,Low,6.9,Low Carb,2025-02-05 20:52:34.915992,46,5,2025-03-23 20:52:34.915992,Cramps,2,2025,6.0,32.0,Bloating,33.5,4.75,5,5.025,Cramps,69.0,2025-03-11 20:52:34.915992,"['Use a warm compress', 'Stay hydrated', 'Take adequate rest', 'Try gentle movement']"
28,19,26.48,1,Low,6.9,Low Carb,2025-03-23 20:52:34.915992,45,6,2025-05-07 20:52:34.915992,Fatigue,3,2025,5.0,46.0,Cramps,36.0,4.8,6,5.45,Fatigue,71.0,2025-04-28 20:52:34.915992,"['Get adequate sleep', 'Stay hydrated', 'Eat regular balanced meals', 'Take adequate rest']"
28,19,26.48,1,Low,6.9,Low Carb,2025-05-07 20:52:34.915992,45,6,2025-06-21 20:52:34.915992,Mood Swings,5,2025,6.0,45.0,Fatigue,37.5,5.0,7,4.825,Mood Swings,63.5,2025-06-14 20:52:34.915992,"['Maintain adequate sleep', 'Eat regular balanced meals', 'Try gentle exercise', 'Practice relaxation and stress management']"
28,19,26.48,1,Low,6.9,Low Carb,2025-06-21 20:52:34.915992,41,3,2025-08-01 20:52:34.915992,Fatigue,6,2025,6.0,45.0,Mood Swings,38.57142857142857,5.142857142857143,8,3.81,Fatigue,73.5,2025-07-30 20:52:34.915992,"['Get adequate sleep', 'Stay hydrated', 'Eat regular balanced meals', 'Take adequate rest']"
29,27,26.97,5,High,7.3,Low Carb,2025-04-02 20:52:34.916022,32,3,2025-05-04 20:52:34.916022,Cramps,4,2025,6.0,32.0,Mood Swings,32.0,6.0,2,3.68,Cramps,64.5,2025-05-04 20:52:34.916022,"['Use a warm compress', 'Stay hydrated', 'Take adequate rest', 'Try gentle movement']"
29,27,26.97,5,High,7.3,Low Carb,2025-05-04 20:52:34.916022,44,6,2025-06-17 20:52:34.916022,Headache,5,2025,3.0,32.0,Cramps,32.0,4.5,3,5.43,Headache,72.0,2025-06-05 20:52:34.916022,"['Stay hydrated', 'Eat meals regularly', 'Get adequate sleep', 'Take breaks from prolonged screen use']"
29,27,26.97,5,High,7.3,Low Carb,2025-06-17 20:52:34.916022,50,3,2025-08-06 20:52:34.916022,Cramps,6,2025,6.0,44.0,Headache,36.0,5.0,4,3.64,Cramps,73.5,2025-07-23 20:52:34.916022,"['Use a warm compress', 'Stay hydrated', 'Take adequate rest', 'Try gentle movement']"
29,27,26.97,5,High,7.3,Low Carb,2025-08-06 20:52:34.916022,42,7,2025-09-17 20:52:34.916022,Fatigue,8,2025,3.0,50.0,Cramps,39.5,4.5,5,6.445,Fatigue,67.5,2025-09-15 20:52:34.916022,"['Get adequate sleep', 'Stay hydrated', 'Eat regular balanced meals', 'Take adequate rest']"
29,27,26.97,5,High,7.3,Low Carb,2025-09-17 20:52:34.916022,25,6,2025-10-12 20:52:34.916022,Fatigue,9,2025,7.0,42.0,Fatigue,40.0,5.0,6,5.655,Fatigue,71.0,2025-10-27 20:52:34.916022,"['Get adequate sleep', 'Stay hydrated', 'Eat regular balanced meals', 'Take adequate rest']"
29,27,26.97,5,High,7.3,Low Carb,2025-10-12 20:52:34.916022,44,4,2025-11-25 20:52:34.916022,Cramps,10,2025,6.0,25.0,Fatigue,37.5,5.166666666666667,7,4.12,Cramps,72.5,2025-11-19 20:52:34.916022,"['Use a warm compress', 'Stay hydrated', 'Take adequate rest', 'Try gentle movement']"
29,27,26.97,5,High,7.3,Low Carb,2025-11-25 20:52:34.916022,35,5,2025-12-30 20:52:34.916022,Headache,11,2025,4.0,44.0,Cramps,38.42857142857143,5.0,8,5.16,Headache,64.0,2026-01-02 20:52:34.916022,"['Stay hydrated', 'Eat meals regularly', 'Get adequate sleep', 'Take breaks from prolonged screen use']"
29,27,26.97,5,High,7.3,Low Carb,2025-12-30 20:52:34.916022,50,5,2026-02-18 20:52:34.916022,Cramps,12,2025,5.0,35.0,Headache,38.0,5.0,9,5.075,Cramps,27.500000000000004,2026-02-06 20:52:34.916022,"['Use a warm compress', 'Stay hydrated', 'Take adequate rest', 'Try gentle movement']"
29,27,26.97,5,High,7.3,Low Carb,2026-02-18 20:52:34.916022,43,5,2026-04-02 20:52:34.916022,Cramps,2,2026,5.0,50.0,Cramps,39.333333333333336,5.0,10,5.345,Headache,34.0,2026-03-29 20:52:34.916022,"['Stay hydrated', 'Eat meals regularly', 'Get adequate sleep', 'Take breaks from prolonged screen use']"
29,27,26.97,5,High,7.3,Low Carb,2026-04-02 20:52:34.916022,49,7,2026-05-21 20:52:34.916022,Bloating,4,2026,5.0,43.0,Cramps,39.7,5.0,11,6.44,Headache,40.0,2026-05-12 20:52:34.916022,"['Stay hydrated', 'Eat meals regularly', 'Get adequate sleep', 'Take breaks from prolonged screen use']"
29,27,26.97,5,High,7.3,Low Carb,2026-05-21 20:52:34.916022,37,6,2026-06-27 20:52:34.916022,Cramps,5,2026,7.0,49.0,Bloating,40.54545454545455,5.181818181818182,12,5.785,Cramps,70.5,2026-07-01 20:52:34.916022,"['Use a warm compress', 'Stay hydrated', 'Take adequate rest', 'Try gentle movement']"
30,38,21.29,2,High,5.2,Balanced,2023-08-11 20:52:34.916062,42,3,2023-09-22 20:52:34.916062,Fatigue,8,2023,4.0,30.0,Bloating,30.0,4.0,2,4.035,Fatigue,72.5,2023-09-10 20:52:34.916062,"['Get adequate sleep', 'Stay hydrated', 'Eat regular balanced meals', 'Take adequate rest']"
30,38,21.29,2,High,5.2,Balanced,2023-09-22 20:52:34.916062,31,7,2023-10-23 20:52:34.916062,Bloating,9,2023,3.0,42.0,Fatigue,36.0,3.5,3,6.455,Bloating,81.5,2023-10-28 20:52:34.916062,"['Stay hydrated', 'Eat smaller balanced meals', 'Try gentle physical activity', 'Avoid foods that personally worsen bloating']"
30,38,21.29,2,High,5.2,Balanced,2023-10-23 20:52:34.916062,50,4,2023-12-12 20:52:34.916062,Bloating,10,2023,7.0,31.0,Bloating,34.333333333333336,4.666666666666667,4,4.365,Cramps,28.000000000000004,2023-11-26 20:52:34.916062,"['Use a warm compress', 'Stay hydrated', 'Take adequate rest', 'Try gentle movement']"
30,38,21.29,2,High,5.2,Balanced,2023-12-12 20:52:34.916062,40,7,2024-01-21 20:52:34.916062,Mood Swings,12,2023,4.0,50.0,Bloating,38.25,4.5,5,5.22,Cramps,23.5,2024-01-19 20:52:34.916062,"['Use a warm compress', 'Stay hydrated', 'Take adequate rest', 'Try gentle movement']"
30,38,21.29,2,High,5.2,Balanced,2024-01-21 20:52:34.916062,42,5,2024-03-03 20:52:34.916062,Cramps,1,2024,7.0,40.0,Mood Swings,38.6,5.0,6,4.86,Cramps,65.5,2024-02-29 20:52:34.916062,"['Use a warm compress', 'Stay hydrated', 'Take adequate rest', 'Try gentle movement']"
30,38,21.29,2,High,5.2,Balanced,2024-03-03 20:52:34.916062,35,5,2024-04-07 20:52:34.916062,Fatigue,3,2024,5.0,42.0,Cramps,39.166666666666664,5.0,7,4.9,Fatigue,73.0,2024-04-11 20:52:34.916062,"['Get adequate sleep', 'Stay hydrated', 'Eat regular balanced meals', 'Take adequate rest']"
30,38,21.29,2,High,5.2,Balanced,2024-04-07 20:52:34.916062,29,3,2024-05-06 20:52:34.916062,Fatigue,4,2024,5.0,35.0,Fatigue,38.57142857142857,5.0,8,3.765,Bloating,27.500000000000004,2024-05-16 20:52:34.916062,"['Stay hydrated', 'Eat smaller balanced meals', 'Try gentle physical activity', 'Avoid foods that personally worsen bloating']"
30,38,21.29,2,High,5.2,Balanced,2024-05-06 20:52:34.916062,33,3,2024-06-08 20:52:34.916062,Bloating,5,2024,3.0,29.0,Fatigue,37.375,4.75,9,4.87,Bloating,69.0,2024-06-12 20:52:34.916062,"['Stay hydrated', 'Eat smaller balanced meals', 'Try gentle physical activity', 'Avoid foods that personally worsen bloating']"
30,38,21.29,2,High,5.2,Balanced,2024-06-08 20:52:34.916062,48,5,2024-07-26 20:52:34.916062,Headache,6,2024,3.0,33.0,Bloating,36.888888888888886,4.555555555555555,10,5.39,Headache,66.5,2024-07-15 20:52:34.916062,"['Stay hydrated', 'Eat meals regularly', 'Get adequate sleep', 'Take breaks from prolonged screen use']"
30,38,21.29,2,High,5.2,Balanced,2024-07-26 20:52:34.916062,32,7,2024-08-27 20:52:34.916062,Mood Swings,7,2024,5.0,48.0,Headache,38.0,4.6,11,6.3,Mood Swings,72.5,2024-09-02 20:52:34.916062,"['Maintain adequate sleep', 'Eat regular balanced meals', 'Try gentle exercise', 'Practice relaxation and stress management']"
31,37,21.17,1,High,6.2,Balanced,2024-12-10 20:52:34.916099,40,7,2025-01-19 20:52:34.916099,Fatigue,12,2024,3.0,38.0,Bloating,38.0,3.0,2,6.285,Fatigue,37.5,2025-01-17 20:52:34.916099,"['Get adequate sleep', 'Stay hydrated', 'Eat regular balanced meals', 'Take adequate rest']"
31,37,21.17,1,High,6.2,Balanced,2025-01-19 20:52:34.916099,28,3,2025-02-16 20:52:34.916099,Fatigue,1,2025,7.0,40.0,Fatigue,39.0,5.0,3,3.83,Fatigue,74.5,2025-02-27 20:52:34.916099,"['Get adequate sleep', 'Stay hydrated', 'Eat regular balanced meals', 'Take adequate rest']"
31,37,21.17,1,High,6.2,Balanced,2025-02-16 20:52:34.916099,27,5,2025-03-15 20:52:34.916099,Fatigue,2,2025,3.0,28.0,Fatigue,35.333333333333336,4.333333333333333,4,5.24,Fatigue,65.0,2025-03-23 20:52:34.916099,"['Get adequate sleep', 'Stay hydrated', 'Eat regular balanced meals', 'Take adequate rest']"
31,37,21.17,1,High,6.2,Balanced,2025-03-15 20:52:34.916099,37,7,2025-04-21 20:52:34.916099,Bloating,3,2025,5.0,27.0,Fatigue,33.25,4.5,5,5.95,Bloating,67.0,2025-04-17 20:52:34.916099,"['Stay hydrated', 'Eat smaller balanced meals', 'Try gentle physical activity', 'Avoid foods that personally worsen bloating']"
31,37,21.17,1,High,6.2,Balanced,2025-04-21 20:52:34.916099,35,7,2025-05-26 20:52:34.916099,Bloating,4,2025,7.0,37.0,Bloating,34.0,5.0,6,5.7,Cramps,54.0,2025-05-25 20:52:34.916099,"['Use a warm compress', 'Stay hydrated', 'Take adequate rest', 'Try gentle movement']"
31,37,21.17,1,High,6.2,Balanced,2025-05-26 20:52:34.916099,28,3,2025-06-23 20:52:34.916099,Cramps,5,2025,7.0,35.0,Bloating,34.166666666666664,5.333333333333333,7,3.83,Cramps,71.0,2025-06-29 20:52:34.916099,"['Use a warm compress', 'Stay hydrated', 'Take adequate rest', 'Try gentle movement']"
31,37,21.17,1,High,6.2,Balanced,2025-06-23 20:52:34.916099,42,4,2025-08-04 20:52:34.916099,Mood Swings,6,2025,3.0,28.0,Cramps,33.285714285714285,5.0,8,5.44,Mood Swings,73.0,2025-07-26 20:52:34.916099,"['Maintain adequate sleep', 'Eat regular balanced meals', 'Try gentle exercise', 'Practice relaxation and stress management']"
31,37,21.17,1,High,6.2,Balanced,2025-08-04 20:52:34.916099,43,7,2025-09-16 20:52:34.916099,Headache,8,2025,4.0,42.0,Mood Swings,34.375,4.875,9,6.0,Headache,70.5,2025-09-07 20:52:34.916099,"['Stay hydrated', 'Eat meals regularly', 'Get adequate sleep', 'Take breaks from prolonged screen use']"
31,37,21.17,1,High,6.2,Balanced,2025-09-16 20:52:34.916099,46,3,2025-11-01 20:52:34.916099,Mood Swings,9,2025,7.0,43.0,Headache,35.333333333333336,5.111111111111111,10,3.84,Mood Swings,68.0,2025-10-21 20:52:34.916099,"['Maintain adequate sleep', 'Eat regular balanced meals', 'Try gentle exercise', 'Practice relaxation and stress management']"
31,37,21.17,1,High,6.2,Balanced,2025-11-01 20:52:34.916099,26,6,2025-11-27 20:52:34.916099,Headache,11,2025,3.0,46.0,Mood Swings,36.4,4.9,11,5.77,Headache,73.0,2025-12-07 20:52:34.916099,"['Stay hydrated', 'Eat meals regularly', 'Get adequate sleep', 'Take breaks from prolonged screen use']"
32,25,21.78,3,Moderate,5.3,Vegetarian,2024-04-22 20:52:34.916138,50,4,2024-06-11 20:52:34.916138,Bloating,4,2024,6.0,26.0,Cramps,26.0,6.0,2,4.72,Bloating,30.5,2024-05-18 20:52:34.916138,"['Stay hydrated', 'Eat smaller balanced meals', 'Try gentle physical activity', 'Avoid foods that personally worsen bloating']"
32,25,21.78,3,Moderate,5.3,Vegetarian,2024-06-11 20:52:34.916138,31,5,2024-07-12 20:52:34.916138,Headache,6,2024,4.0,50.0,Bloating,38.0,5.0,3,4.97,Headache,72.5,2024-07-19 20:52:34.916138,"['Stay hydrated', 'Eat meals regularly', 'Get adequate sleep', 'Take breaks from prolonged screen use']"
32,25,21.78,3,Moderate,5.3,Vegetarian,2024-07-12 20:52:34.916138,33,6,2024-08-14 20:52:34.916138,Fatigue,7,2024,5.0,31.0,Headache,35.666666666666664,5.0,4,4.015,Fatigue,66.0,2024-08-17 20:52:34.916138,"['Get adequate sleep', 'Stay hydrated', 'Eat regular balanced meals', 'Take adequate rest']"
32,25,21.78,3,Moderate,5.3,Vegetarian,2024-08-14 20:52:34.916138,45,3,2024-09-28 20:52:34.916138,Bloating,8,2024,6.0,33.0,Fatigue,35.0,5.25,5,3.62,Bloating,72.5,2024-09-18 20:52:34.916138,"['Stay hydrated', 'Eat smaller balanced meals', 'Try gentle physical activity', 'Avoid foods that personally worsen bloating']"
32,25,21.78,3,Moderate,5.3,Vegetarian,2024-09-28 20:52:34.916138,46,4,2024-11-13 20:52:34.916138,Cramps,9,2024,3.0,45.0,Bloating,37.0,4.8,6,4.39,Cramps,73.5,2024-11-04 20:52:34.916138,"['Use a warm compress', 'Stay hydrated', 'Take adequate rest', 'Try gentle movement']"
32,25,21.78,3,Moderate,5.3,Vegetarian,2024-11-13 20:52:34.916138,26,3,2024-12-09 20:52:34.916138,Cramps,11,2024,4.0,46.0,Cramps,38.5,4.666666666666667,7,3.735,Cramps,69.0,2024-12-21 20:52:34.916138,"['Use a warm compress', 'Stay hydrated', 'Take adequate rest', 'Try gentle movement']"
32,25,21.78,3,Moderate,5.3,Vegetarian,2024-12-09 20:52:34.916138,49,5,2025-01-27 20:52:34.916138,Headache,12,2024,3.0,26.0,Cramps,36.714285714285715,4.428571428571429,8,5.17,Headache,69.5,2025-01-15 20:52:34.916138,"['Stay hydrated', 'Eat meals regularly', 'Get adequate sleep', 'Take breaks from prolonged screen use']"
33,44,26.71,2,High,8.5,Vegetarian,2024-04-26 20:52:34.916170,38,3,2024-06-03 20:52:34.916170,Mood Swings,4,2024,4.0,28.0,Mood Swings,28.0,4.0,2,3.895,Cramps,30.0,2024-05-24 20:52:34.916170,"['Use a warm compress', 'Stay hydrated', 'Take adequate rest', 'Try gentle movement']"
33,44,26.71,2,High,8.5,Vegetarian,2024-06-03 20:52:34.916170,39,6,2024-07-12 20:52:34.916170,Fatigue,6,2024,3.0,38.0,Mood Swings,33.0,3.5,3,5.79,Fatigue,63.0,2024-07-06 20:52:34.916170,"['Get adequate sleep', 'Stay hydrated', 'Eat regular balanced meals', 'Take adequate rest']"
33,44,26.71,2,High,8.5,Vegetarian,2024-07-12 20:52:34.916170,41,4,2024-08-22 20:52:34.916170,Bloating,7,2024,6.0,39.0,Fatigue,35.0,4.333333333333333,4,4.335,Bloating,69.0,2024-08-16 20:52:34.916170,"['Stay hydrated', 'Eat smaller balanced meals', 'Try gentle physical activity', 'Avoid foods that personally worsen bloating']"
33,44,26.71,2,High,8.5,Vegetarian,2024-08-22 20:52:34.916170,35,3,2024-09-26 20:52:34.916170,Headache,8,2024,4.0,41.0,Bloating,36.5,4.25,5,4.055,Headache,73.0,2024-09-27 20:52:34.916170,"['Stay hydrated', 'Eat meals regularly', 'Get adequate sleep', 'Take breaks from prolonged screen use']"
33,44,26.71,2,High,8.5,Vegetarian,2024-09-26 20:52:34.916170,29,7,2024-10-25 20:52:34.916170,Cramps,9,2024,3.0,35.0,Headache,36.2,4.0,6,6.06,Cramps,64.0,2024-11-01 20:52:34.916170,"['Use a warm compress', 'Stay hydrated', 'Take adequate rest', 'Try gentle movement']"
33,44,26.71,2,High,8.5,Vegetarian,2024-10-25 20:52:34.916170,41,5,2024-12-05 20:52:34.916170,Cramps,10,2024,7.0,29.0,Cramps,35.0,4.5,7,4.87,Cramps,73.5,2024-11-29 20:52:34.916170,"['Use a warm compress', 'Stay hydrated', 'Take adequate rest', 'Try gentle movement']"
33,44,26.71,2,High,8.5,Vegetarian,2024-12-05 20:52:34.916170,40,6,2025-01-14 20:52:34.916170,Mood Swings,12,2024,5.0,41.0,Cramps,35.857142857142854,4.571428571428571,8,5.535,Mood Swings,59.5,2025-01-10 20:52:34.916170,"['Maintain adequate sleep', 'Eat regular balanced meals', 'Try gentle exercise', 'Practice relaxation and stress management']"
34,32,23.77,2,Low,5.3,Vegetarian,2023-08-15 20:52:34.916210,39,6,2023-09-23 20:52:34.916210,Fatigue,8,2023,3.0,36.0,Headache,36.0,3.0,2,5.98,Fatigue,63.5,2023-09-20 20:52:34.916210,"['Get adequate sleep', 'Stay hydrated', 'Eat regular balanced meals', 'Take adequate rest']"
34,32,23.77,2,Low,5.3,Vegetarian,2023-09-23 20:52:34.916210,25,4,2023-10-18 20:52:34.916210,Bloating,9,2023,6.0,39.0,Fatigue,37.5,4.5,3,4.565,Bloating,68.0,2023-10-31 20:52:34.916210,"['Stay hydrated', 'Eat smaller balanced meals', 'Try gentle physical activity', 'Avoid foods that personally worsen bloating']"
34,32,23.77,2,Low,5.3,Vegetarian,2023-10-18 20:52:34.916210,32,3,2023-11-19 20:52:34.916210,Cramps,10,2023,4.0,25.0,Bloating,33.333333333333336,4.333333333333333,4,3.545,Cramps,70.5,2023-11-20 20:52:34.916210,"['Use a warm compress', 'Stay hydrated', 'Take adequate rest', 'Try gentle movement']"
34,32,23.77,2,Low,5.3,Vegetarian,2023-11-19 20:52:34.916210,40,4,2023-12-29 20:52:34.916210,Cramps,11,2023,3.0,32.0,Cramps,33.0,4.0,5,5.54,Cramps,71.5,2023-12-22 20:52:34.916210,"['Use a warm compress', 'Stay hydrated', 'Take adequate rest', 'Try gentle movement']"
34,32,23.77,2,Low,5.3,Vegetarian,2023-12-29 20:52:34.916210,38,4,2024-02-05 20:52:34.916210,Fatigue,12,2023,4.0,40.0,Cramps,34.4,4.0,6,5.47,Cramps,30.5,2024-02-01 20:52:34.916210,"['Use a warm compress', 'Stay hydrated', 'Take adequate rest', 'Try gentle movement']"
34,32,23.77,2,Low,5.3,Vegetarian,2024-02-05 20:52:34.916210,40,6,2024-03-16 20:52:34.916210,Mood Swings,2,2024,4.0,38.0,Fatigue,35.0,4.0,7,5.775,Mood Swings,73.5,2024-03-11 20:52:34.916210,"['Maintain adequate sleep', 'Eat regular balanced meals', 'Try gentle exercise', 'Practice relaxation and stress management']"
34,32,23.77,2,Low,5.3,Vegetarian,2024-03-16 20:52:34.916210,36,6,2024-04-21 20:52:34.916210,Headache,3,2024,6.0,40.0,Mood Swings,35.714285714285715,4.285714285714286,8,5.555,Headache,62.0,2024-04-21 20:52:34.916210,"['Stay hydrated', 'Eat meals regularly', 'Get adequate sleep', 'Take breaks from prolonged screen use']"
34,32,23.77,2,Low,5.3,Vegetarian,2024-04-21 20:52:34.916210,49,5,2024-06-09 20:52:34.916210,Cramps,4,2024,6.0,36.0,Headache,35.75,4.5,9,5.08,Cramps,64.0,2024-05-27 20:52:34.916210,"['Use a warm compress', 'Stay hydrated', 'Take adequate rest', 'Try gentle movement']"
34,32,23.77,2,Low,5.3,Vegetarian,2024-06-09 20:52:34.916210,25,4,2024-07-04 20:52:34.916210,Bloating,6,2024,5.0,49.0,Cramps,37.22222222222222,4.555555555555555,10,4.41,Bloating,66.5,2024-07-16 20:52:34.916210,"['Stay hydrated', 'Eat smaller balanced meals', 'Try gentle physical activity', 'Avoid foods that personally worsen bloating']"
34,32,23.77,2,Low,5.3,Vegetarian,2024-07-04 20:52:34.916210,48,7,2024-08-21 20:52:34.916210,Bloating,7,2024,4.0,25.0,Bloating,36.0,4.5,11,5.93,Cramps,28.499999999999996,2024-08-09 20:52:34.916210,"['Use a warm compress', 'Stay hydrated', 'Take adequate rest', 'Try gentle movement']"
35,29,20.49,5,Low,6.9,Vegetarian,2024-02-26 20:52:34.916245,42,3,2024-04-08 20:52:34.916245,Headache,2,2024,6.0,49.0,Bloating,49.0,6.0,2,3.635,Headache,70.0,2024-04-15 20:52:34.916245,"['Stay hydrated', 'Eat meals regularly', 'Get adequate sleep', 'Take breaks from prolonged screen use']"
35,29,20.49,5,Low,6.9,Vegetarian,2024-04-08 20:52:34.916245,43,3,2024-05-21 20:52:34.916245,Headache,4,2024,3.0,42.0,Headache,45.5,4.5,3,3.83,Headache,79.5,2024-05-24 20:52:34.916245,"['Stay hydrated', 'Eat meals regularly', 'Get adequate sleep', 'Take breaks from prolonged screen use']"
35,29,20.49,5,Low,6.9,Vegetarian,2024-05-21 20:52:34.916245,28,5,2024-06-18 20:52:34.916245,Headache,5,2024,3.0,43.0,Headache,44.666666666666664,4.0,4,4.92,Headache,87.0,2024-07-05 20:52:34.916245,"['Stay hydrated', 'Eat meals regularly', 'Get adequate sleep', 'Take breaks from prolonged screen use']"
35,29,20.49,5,Low,6.9,Vegetarian,2024-06-18 20:52:34.916245,41,4,2024-07-29 20:52:34.916245,Cramps,6,2024,5.0,28.0,Headache,40.5,4.25,5,4.39,Cramps,67.0,2024-07-28 20:52:34.916245,"['Use a warm compress', 'Stay hydrated', 'Take adequate rest', 'Try gentle movement']"
35,29,20.49,5,Low,6.9,Vegetarian,2024-07-29 20:52:34.916245,35,4,2024-09-02 20:52:34.916245,Headache,7,2024,4.0,41.0,Cramps,40.6,4.2,6,4.39,Headache,78.5,2024-09-08 20:52:34.916245,"['Stay hydrated', 'Eat meals regularly', 'Get adequate sleep', 'Take breaks from prolonged screen use']"
36,31,21.47,1,High,6.2,Vegetarian,2024-09-10 20:52:34.916269,31,7,2024-10-11 20:52:34.916269,Mood Swings,9,2024,4.0,43.0,Fatigue,43.0,4.0,2,6.44,Mood Swings,69.0,2024-10-23 20:52:34.916269,"['Maintain adequate sleep', 'Eat regular balanced meals', 'Try gentle exercise', 'Practice relaxation and stress management']"
36,31,21.47,1,High,6.2,Vegetarian,2024-10-11 20:52:34.916269,46,4,2024-11-26 20:52:34.916269,Headache,10,2024,7.0,31.0,Mood Swings,37.0,5.5,3,4.295,Headache,69.0,2024-11-17 20:52:34.916269,"['Stay hydrated', 'Eat meals regularly', 'Get adequate sleep', 'Take breaks from prolonged screen use']"
36,31,21.47,1,High,6.2,Vegetarian,2024-11-26 20:52:34.916269,46,4,2025-01-11 20:52:34.916269,Headache,11,2024,4.0,46.0,Headache,40.0,5.0,4,4.495,Headache,70.5,2025-01-05 20:52:34.916269,"['Stay hydrated', 'Eat meals regularly', 'Get adequate sleep', 'Take breaks from prolonged screen use']"
36,31,21.47,1,High,6.2,Vegetarian,2025-01-11 20:52:34.916269,25,7,2025-02-05 20:52:34.916269,Fatigue,1,2025,4.0,46.0,Headache,41.5,4.75,5,5.9,Headache,59.5,2025-02-22 20:52:34.916269,"['Stay hydrated', 'Eat meals regularly', 'Get adequate sleep', 'Take breaks from prolonged screen use']"
36,31,21.47,1,High,6.2,Vegetarian,2025-02-05 20:52:34.916269,45,6,2025-03-22 20:52:34.916269,Cramps,2,2025,7.0,25.0,Fatigue,38.2,5.2,6,4.64,Cramps,70.0,2025-03-15 20:52:34.916269,"['Use a warm compress', 'Stay hydrated', 'Take adequate rest', 'Try gentle movement']"
37,44,23.41,4,Low,7.8,Balanced,2024-04-22 20:52:34.916293,49,4,2024-06-10 20:52:34.916293,Fatigue,4,2024,4.0,39.0,Mood Swings,39.0,4.0,2,4.51,Fatigue,66.0,2024-05-31 20:52:34.916293,"['Get adequate sleep', 'Stay hydrated', 'Eat regular balanced meals', 'Take adequate rest']"
37,44,23.41,4,Low,7.8,Balanced,2024-06-10 20:52:34.916293,30,5,2024-07-10 20:52:34.916293,Bloating,6,2024,4.0,49.0,Fatigue,44.0,4.0,3,5.255,Bloating,71.0,2024-07-24 20:52:34.916293,"['Stay hydrated', 'Eat smaller balanced meals', 'Try gentle physical activity', 'Avoid foods that personally worsen bloating']"
37,44,23.41,4,Low,7.8,Balanced,2024-07-10 20:52:34.916293,34,4,2024-08-13 20:52:34.916293,Mood Swings,7,2024,5.0,30.0,Bloating,39.333333333333336,4.333333333333333,4,4.505,Headache,27.500000000000004,2024-08-18 20:52:34.916293,"['Stay hydrated', 'Eat meals regularly', 'Get adequate sleep', 'Take breaks from prolonged screen use']"
37,44,23.41,4,Low,7.8,Balanced,2024-08-13 20:52:34.916293,40,4,2024-09-22 20:52:34.916293,Headache,8,2024,4.0,34.0,Mood Swings,38.0,4.25,5,5.12,Headache,67.0,2024-09-20 20:52:34.916293,"['Stay hydrated', 'Eat meals regularly', 'Get adequate sleep', 'Take breaks from prolonged screen use']"
37,44,23.41,4,Low,7.8,Balanced,2024-09-22 20:52:34.916293,33,6,2024-10-25 20:52:34.916293,Fatigue,9,2024,4.0,40.0,Headache,38.4,4.2,6,5.7,Fatigue,36.5,2024-10-30 20:52:34.916293,"['Get adequate sleep', 'Stay hydrated', 'Eat regular balanced meals', 'Take adequate rest']"
37,44,23.41,4,Low,7.8,Balanced,2024-10-25 20:52:34.916293,26,6,2024-11-20 20:52:34.916293,Headache,10,2024,6.0,33.0,Fatigue,37.5,4.5,7,5.825,Headache,70.5,2024-12-02 20:52:34.916293,"['Stay hydrated', 'Eat meals regularly', 'Get adequate sleep', 'Take breaks from prolonged screen use']"
37,44,23.41,4,Low,7.8,Balanced,2024-11-20 20:52:34.916293,42,3,2025-01-01 20:52:34.916293,Headache,11,2024,6.0,26.0,Headache,35.857142857142854,4.714285714285714,8,3.77,Headache,66.5,2024-12-26 20:52:34.916293,"['Stay hydrated', 'Eat meals regularly', 'Get adequate sleep', 'Take breaks from prolonged screen use']"
37,44,23.41,4,Low,7.8,Balanced,2025-01-01 20:52:34.916293,34,7,2025-02-04 20:52:34.916293,Fatigue,1,2025,3.0,42.0,Headache,36.625,4.5,9,6.5,Fatigue,73.0,2025-02-07 20:52:34.916293,"['Get adequate sleep', 'Stay hydrated', 'Eat regular balanced meals', 'Take adequate rest']"
37,44,23.41,4,Low,7.8,Balanced,2025-02-04 20:52:34.916293,39,6,2025-03-15 20:52:34.916293,Bloating,2,2025,7.0,34.0,Fatigue,36.333333333333336,4.777777777777778,10,5.355,Bloating,72.0,2025-03-12 20:52:34.916293,"['Stay hydrated', 'Eat smaller balanced meals', 'Try gentle physical activity', 'Avoid foods that personally worsen bloating']"
37,44,23.41,4,Low,7.8,Balanced,2025-03-15 20:52:34.916293,39,3,2025-04-23 20:52:34.916293,Mood Swings,3,2025,6.0,39.0,Bloating,36.6,4.9,11,4.29,Mood Swings,65.5,2025-04-21 20:52:34.916293,"['Maintain adequate sleep', 'Eat regular balanced meals', 'Try gentle exercise', 'Practice relaxation and stress management']"
38,45,18.72,4,Low,5.6,Low Carb,2024-11-06 20:52:34.916333,42,5,2024-12-18 20:52:34.916333,Mood Swings,11,2024,6.0,31.0,Cramps,31.0,6.0,2,5.02,Fatigue,27.0,2024-12-07 20:52:34.916333,"['Get adequate sleep', 'Stay hydrated', 'Eat regular balanced meals', 'Take adequate rest']"
38,45,18.72,4,Low,5.6,Low Carb,2024-12-18 20:52:34.916333,31,4,2025-01-18 20:52:34.916333,Headache,12,2024,5.0,42.0,Mood Swings,36.5,5.5,3,4.415,Headache,73.5,2025-01-23 20:52:34.916333,"['Stay hydrated', 'Eat meals regularly', 'Get adequate sleep', 'Take breaks from prolonged screen use']"
38,45,18.72,4,Low,5.6,Low Carb,2025-01-18 20:52:34.916333,48,4,2025-03-07 20:52:34.916333,Cramps,1,2025,4.0,31.0,Headache,34.666666666666664,5.0,4,4.395,Headache,25.0,2025-02-22 20:52:34.916333,"['Stay hydrated', 'Eat meals regularly', 'Get adequate sleep', 'Take breaks from prolonged screen use']"
38,45,18.72,4,Low,5.6,Low Carb,2025-03-07 20:52:34.916333,32,4,2025-04-08 20:52:34.916333,Fatigue,3,2025,4.0,48.0,Cramps,38.0,4.75,5,4.495,Fatigue,72.0,2025-04-14 20:52:34.916333,"['Get adequate sleep', 'Stay hydrated', 'Eat regular balanced meals', 'Take adequate rest']"
38,45,18.72,4,Low,5.6,Low Carb,2025-04-08 20:52:34.916333,29,6,2025-05-07 20:52:34.916333,Headache,4,2025,4.0,32.0,Fatigue,36.8,4.6,6,5.7,Headache,66.5,2025-05-15 20:52:34.916333,"['Stay hydrated', 'Eat meals regularly', 'Get adequate sleep', 'Take breaks from prolonged screen use']"
38,45,18.72,4,Low,5.6,Low Carb,2025-05-07 20:52:34.916333,29,3,2025-06-05 20:52:34.916333,Cramps,5,2025,6.0,29.0,Headache,35.5,4.833333333333333,7,3.575,Mood Swings,33.5,2025-06-12 20:52:34.916333,"['Maintain adequate sleep', 'Eat regular balanced meals', 'Try gentle exercise', 'Practice relaxation and stress management']"
38,45,18.72,4,Low,5.6,Low Carb,2025-06-05 20:52:34.916333,26,7,2025-07-01 20:52:34.916333,Mood Swings,6,2025,3.0,29.0,Cramps,34.57142857142857,4.571428571428571,8,6.19,Mood Swings,70.5,2025-07-10 20:52:34.916333,"['Maintain adequate sleep', 'Eat regular balanced meals', 'Try gentle exercise', 'Practice relaxation and stress management']"
38,45,18.72,4,Low,5.6,Low Carb,2025-07-01 20:52:34.916333,39,6,2025-08-09 20:52:34.916333,Mood Swings,7,2025,7.0,26.0,Mood Swings,33.5,4.875,9,5.455,Mood Swings,78.5,2025-08-04 20:52:34.916333,"['Maintain adequate sleep', 'Eat regular balanced meals', 'Try gentle exercise', 'Practice relaxation and stress management']"
38,45,18.72,4,Low,5.6,Low Carb,2025-08-09 20:52:34.916333,48,7,2025-09-26 20:52:34.916333,Mood Swings,8,2025,6.0,39.0,Mood Swings,34.111111111111114,5.0,10,5.98,Mood Swings,41.5,2025-09-12 20:52:34.916333,"['Maintain adequate sleep', 'Eat regular balanced meals', 'Try gentle exercise', 'Practice relaxation and stress management']"
39,23,18.59,3,Moderate,5.4,High Sugar,2023-08-17 20:52:34.916366,43,3,2023-09-29 20:52:34.916366,Headache,8,2023,3.0,40.0,Headache,40.0,3.0,2,3.965,Bloating,65.5,2023-09-26 20:52:34.916366,"['Stay hydrated', 'Eat smaller balanced meals', 'Try gentle physical activity', 'Avoid foods that personally worsen bloating']"
39,23,18.59,3,Moderate,5.4,High Sugar,2023-09-29 20:52:34.916366,42,4,2023-11-10 20:52:34.916366,Bloating,9,2023,3.0,43.0,Headache,41.5,3.0,3,4.315,Bloating,79.5,2023-11-10 20:52:34.916366,"['Stay hydrated', 'Eat smaller balanced meals', 'Try gentle physical activity', 'Avoid foods that personally worsen bloating']"
39,23,18.59,3,Moderate,5.4,High Sugar,2023-11-10 20:52:34.916366,42,4,2023-12-22 20:52:34.916366,Mood Swings,11,2023,4.0,42.0,Bloating,41.666666666666664,3.3333333333333335,4,4.42,Bloating,70.5,2023-12-22 20:52:34.916366,"['Stay hydrated', 'Eat smaller balanced meals', 'Try gentle physical activity', 'Avoid foods that personally worsen bloating']"
39,23,18.59,3,Moderate,5.4,High Sugar,2023-12-22 20:52:34.916366,37,5,2024-01-28 20:52:34.916366,Bloating,12,2023,4.0,42.0,Mood Swings,41.75,3.5,5,4.8,Bloating,78.5,2024-02-02 20:52:34.916366,"['Stay hydrated', 'Eat smaller balanced meals', 'Try gentle physical activity', 'Avoid foods that personally worsen bloating']"
39,23,18.59,3,Moderate,5.4,High Sugar,2024-01-28 20:52:34.916366,33,6,2024-03-01 20:52:34.916366,Bloating,1,2024,5.0,37.0,Bloating,40.8,3.8,6,5.445,Bloating,76.0,2024-03-09 20:52:34.916366,"['Stay hydrated', 'Eat smaller balanced meals', 'Try gentle physical activity', 'Avoid foods that personally worsen bloating']"
40,18,27.02,2,High,8.8,Low Carb,2024-10-09 20:52:34.916388,29,6,2024-11-07 20:52:34.916388,Bloating,10,2024,3.0,45.0,Headache,45.0,3.0,2,5.125,Bloating,74.0,2024-11-23 20:52:34.916388,"['Stay hydrated', 'Eat smaller balanced meals', 'Try gentle physical activity', 'Avoid foods that personally worsen bloating']"
40,18,27.02,2,High,8.8,Low Carb,2024-11-07 20:52:34.916388,37,3,2024-12-14 20:52:34.916388,Bloating,11,2024,6.0,29.0,Bloating,37.0,4.5,3,4.15,Bloating,78.5,2024-12-14 20:52:34.916388,"['Stay hydrated', 'Eat smaller balanced meals', 'Try gentle physical activity', 'Avoid foods that personally worsen bloating']"
40,18,27.02,2,High,8.8,Low Carb,2024-12-14 20:52:34.916388,45,6,2025-01-28 20:52:34.916388,Bloating,12,2024,3.0,37.0,Bloating,37.0,4.0,4,5.775,Bloating,49.0,2025-01-20 20:52:34.916388,"['Stay hydrated', 'Eat smaller balanced meals', 'Try gentle physical activity', 'Avoid foods that personally worsen bloating']"
40,18,27.02,2,High,8.8,Low Carb,2025-01-28 20:52:34.916388,35,4,2025-03-04 20:52:34.916388,Bloating,1,2025,6.0,45.0,Bloating,39.0,4.5,5,5.15,Bloating,77.5,2025-03-08 20:52:34.916388,"['Stay hydrated', 'Eat smaller balanced meals', 'Try gentle physical activity', 'Avoid foods that personally worsen bloating']"
40,18,27.02,2,High,8.8,Low Carb,2025-03-04 20:52:34.916388,38,6,2025-04-11 20:52:34.916388,Cramps,3,2025,4.0,35.0,Bloating,38.2,4.4,6,5.555,Bloating,44.5,2025-04-11 20:52:34.916388,"['Stay hydrated', 'Eat smaller balanced meals', 'Try gentle physical activity', 'Avoid foods that personally worsen bloating']"
40,18,27.02,2,High,8.8,Low Carb,2025-04-11 20:52:34.916388,43,6,2025-05-24 20:52:34.916388,Bloating,4,2025,6.0,38.0,Cramps,38.166666666666664,4.666666666666667,7,5.4,Bloating,71.5,2025-05-19 20:52:34.916388,"['Stay hydrated', 'Eat smaller balanced meals', 'Try gentle physical activity', 'Avoid foods that personally worsen bloating']"
40,18,27.02,2,High,8.8,Low Carb,2025-05-24 20:52:34.916388,34,7,2025-06-27 20:52:34.916388,Bloating,5,2025,6.0,43.0,Bloating,38.857142857142854,4.857142857142857,8,5.86,Fatigue,42.0,2025-07-02 20:52:34.916388,"['Get adequate sleep', 'Stay hydrated', 'Eat regular balanced meals', 'Take adequate rest']"
40,18,27.02,2,High,8.8,Low Carb,2025-06-27 20:52:34.916388,42,3,2025-08-08 20:52:34.916388,Fatigue,6,2025,7.0,34.0,Bloating,38.25,5.125,9,4.235,Fatigue,77.5,2025-08-04 20:52:34.916388,"['Get adequate sleep', 'Stay hydrated', 'Eat regular balanced meals', 'Take adequate rest']"
40,18,27.02,2,High,8.8,Low Carb,2025-08-08 20:52:34.916388,34,5,2025-09-11 20:52:34.916388,Fatigue,8,2025,3.0,42.0,Fatigue,38.666666666666664,4.888888888888889,10,5.465,Fatigue,72.0,2025-09-16 20:52:34.916388,"['Get adequate sleep', 'Stay hydrated', 'Eat regular balanced meals', 'Take adequate rest']"
41,33,26.62,5,Low,5.4,Balanced,2025-04-24 20:52:34.916420,41,6,2025-06-04 20:52:34.916420,Cramps,4,2025,4.0,49.0,Headache,49.0,4.0,2,5.73,Cramps,72.5,2025-06-12 20:52:34.916420,"['Use a warm compress', 'Stay hydrated', 'Take adequate rest', 'Try gentle movement']"
41,33,26.62,5,Low,5.4,Balanced,2025-06-04 20:52:34.916420,42,5,2025-07-16 20:52:34.916420,Cramps,6,2025,6.0,41.0,Cramps,45.0,5.0,3,5.295,Cramps,73.5,2025-07-19 20:52:34.916420,"['Use a warm compress', 'Stay hydrated', 'Take adequate rest', 'Try gentle movement']"
41,33,26.62,5,Low,5.4,Balanced,2025-07-16 20:52:34.916420,30,7,2025-08-15 20:52:34.916420,Fatigue,7,2025,5.0,42.0,Cramps,44.0,5.0,4,6.295,Cramps,43.0,2025-08-29 20:52:34.916420,"['Use a warm compress', 'Stay hydrated', 'Take adequate rest', 'Try gentle movement']"
41,33,26.62,5,Low,5.4,Balanced,2025-08-15 20:52:34.916420,35,4,2025-09-19 20:52:34.916420,Bloating,8,2025,7.0,30.0,Fatigue,40.5,5.5,5,4.525,Bloating,68.0,2025-09-24 20:52:34.916420,"['Stay hydrated', 'Eat smaller balanced meals', 'Try gentle physical activity', 'Avoid foods that personally worsen bloating']"
41,33,26.62,5,Low,5.4,Balanced,2025-09-19 20:52:34.916420,37,5,2025-10-26 20:52:34.916420,Bloating,9,2025,4.0,35.0,Bloating,39.4,5.2,6,5.32,Bloating,82.0,2025-10-28 20:52:34.916420,"['Stay hydrated', 'Eat smaller balanced meals', 'Try gentle physical activity', 'Avoid foods that personally worsen bloating']"
41,33,26.62,5,Low,5.4,Balanced,2025-10-26 20:52:34.916420,26,6,2025-11-21 20:52:34.916420,Bloating,10,2025,5.0,37.0,Bloating,39.0,5.166666666666667,7,5.62,Bloating,82.5,2025-12-04 20:52:34.916420,"['Stay hydrated', 'Eat smaller balanced meals', 'Try gentle physical activity', 'Avoid foods that personally worsen bloating']"
41,33,26.62,5,Low,5.4,Balanced,2025-11-21 20:52:34.916420,40,3,2025-12-31 20:52:34.916420,Fatigue,11,2025,6.0,26.0,Bloating,37.142857142857146,5.285714285714286,8,3.825,Bloating,34.5,2025-12-28 20:52:34.916420,"['Stay hydrated', 'Eat smaller balanced meals', 'Try gentle physical activity', 'Avoid foods that personally worsen bloating']"
41,33,26.62,5,Low,5.4,Balanced,2025-12-31 20:52:34.916420,39,6,2026-02-08 20:52:34.916420,Mood Swings,12,2025,3.0,40.0,Fatigue,37.5,5.0,9,5.73,Mood Swings,65.5,2026-02-07 20:52:34.916420,"['Maintain adequate sleep', 'Eat regular balanced meals', 'Try gentle exercise', 'Practice relaxation and stress management']"
41,33,26.62,5,Low,5.4,Balanced,2026-02-08 20:52:34.916420,33,5,2026-03-13 20:52:34.916420,Cramps,2,2026,6.0,39.0,Mood Swings,37.666666666666664,5.111111111111111,10,4.89,Cramps,83.5,2026-03-18 20:52:34.916420,"['Use a warm compress', 'Stay hydrated', 'Take adequate rest', 'Try gentle movement']"
41,33,26.62,5,Low,5.4,Balanced,2026-03-13 20:52:34.916420,38,6,2026-04-20 20:52:34.916420,Mood Swings,3,2026,5.0,33.0,Cramps,37.2,5.1,11,5.6,Mood Swings,66.5,2026-04-19 20:52:34.916420,"['Maintain adequate sleep', 'Eat regular balanced meals', 'Try gentle exercise', 'Practice relaxation and stress management']"
41,33,26.62,5,Low,5.4,Balanced,2026-04-20 20:52:34.916420,28,4,2026-05-18 20:52:34.916420,Cramps,4,2026,6.0,38.0,Mood Swings,37.27272727272727,5.181818181818182,12,4.55,Cramps,78.0,2026-05-27 20:52:34.916420,"['Use a warm compress', 'Stay hydrated', 'Take adequate rest', 'Try gentle movement']"
42,24,21.08,3,High,7.5,Balanced,2023-12-11 20:52:34.916460,47,3,2024-01-27 20:52:34.916460,Fatigue,12,2023,7.0,48.0,Mood Swings,48.0,7.0,2,5.29,Cramps,28.499999999999996,2024-01-28 20:52:34.916460,"['Use a warm compress', 'Stay hydrated', 'Take adequate rest', 'Try gentle movement']"
42,24,21.08,3,High,7.5,Balanced,2024-01-27 20:52:34.916460,32,7,2024-02-28 20:52:34.916460,Cramps,1,2024,3.0,47.0,Fatigue,47.5,5.0,3,6.455,Fatigue,23.5,2024-03-15 20:52:34.916460,"['Get adequate sleep', 'Stay hydrated', 'Eat regular balanced meals', 'Take adequate rest']"
42,24,21.08,3,High,7.5,Balanced,2024-02-28 20:52:34.916460,27,4,2024-03-26 20:52:34.916460,Bloating,2,2024,7.0,32.0,Cramps,42.333333333333336,5.666666666666667,4,4.405,Bloating,71.0,2024-04-10 20:52:34.916460,"['Stay hydrated', 'Eat smaller balanced meals', 'Try gentle physical activity', 'Avoid foods that personally worsen bloating']"
42,24,21.08,3,High,7.5,Balanced,2024-03-26 20:52:34.916460,25,7,2024-04-20 20:52:34.916460,Mood Swings,3,2024,4.0,27.0,Bloating,38.5,5.25,5,5.31,Mood Swings,70.0,2024-05-03 20:52:34.916460,"['Maintain adequate sleep', 'Eat regular balanced meals', 'Try gentle exercise', 'Practice relaxation and stress management']"
42,24,21.08,3,High,7.5,Balanced,2024-04-20 20:52:34.916460,26,6,2024-05-16 20:52:34.916460,Bloating,4,2024,7.0,25.0,Mood Swings,35.8,5.6,6,5.18,Bloating,74.5,2024-05-26 20:52:34.916460,"['Stay hydrated', 'Eat smaller balanced meals', 'Try gentle physical activity', 'Avoid foods that personally worsen bloating']"
42,24,21.08,3,High,7.5,Balanced,2024-05-16 20:52:34.916460,49,4,2024-07-04 20:52:34.916460,Bloating,5,2024,6.0,26.0,Bloating,34.166666666666664,5.666666666666667,7,4.235,Bloating,76.5,2024-06-19 20:52:34.916460,"['Stay hydrated', 'Eat smaller balanced meals', 'Try gentle physical activity', 'Avoid foods that personally worsen bloating']"
42,24,21.08,3,High,7.5,Balanced,2024-07-04 20:52:34.916460,26,3,2024-07-30 20:52:34.916460,Fatigue,7,2024,4.0,49.0,Bloating,36.285714285714285,5.428571428571429,8,5.25,Fatigue,74.0,2024-08-09 20:52:34.916460,"['Get adequate sleep', 'Stay hydrated', 'Eat regular balanced meals', 'Take adequate rest']"
42,24,21.08,3,High,7.5,Balanced,2024-07-30 20:52:34.916460,34,5,2024-09-02 20:52:34.916460,Fatigue,7,2024,3.0,26.0,Fatigue,35.0,5.125,9,5.025,Fatigue,70.0,2024-09-03 20:52:34.916460,"['Get adequate sleep', 'Stay hydrated', 'Eat regular balanced meals', 'Take adequate rest']"
42,24,21.08,3,High,7.5,Balanced,2024-09-02 20:52:34.916460,42,6,2024-10-14 20:52:34.916460,Cramps,9,2024,5.0,34.0,Fatigue,34.888888888888886,5.111111111111111,10,5.245,Cramps,68.5,2024-10-07 20:52:34.916460,"['Use a warm compress', 'Stay hydrated', 'Take adequate rest', 'Try gentle movement']"
43,28,26.91,4,Moderate,7.8,High Sugar,2025-02-08 20:52:34.916493,46,3,2025-03-26 20:52:34.916493,Headache,2,2025,7.0,38.0,Mood Swings,38.0,7.0,2,5.05,Headache,65.5,2025-03-18 20:52:34.916493,"['Stay hydrated', 'Eat meals regularly', 'Get adequate sleep', 'Take breaks from prolonged screen use']"
43,28,26.91,4,Moderate,7.8,High Sugar,2025-03-26 20:52:34.916493,40,5,2025-05-05 20:52:34.916493,Fatigue,3,2025,3.0,46.0,Headache,42.0,5.0,3,5.64,Fatigue,77.0,2025-05-07 20:52:34.916493,"['Get adequate sleep', 'Stay hydrated', 'Eat regular balanced meals', 'Take adequate rest']"
43,28,26.91,4,Moderate,7.8,High Sugar,2025-05-05 20:52:34.916493,50,5,2025-06-24 20:52:34.916493,Fatigue,5,2025,5.0,40.0,Fatigue,41.333333333333336,5.0,4,5.17,Fatigue,72.0,2025-06-15 20:52:34.916493,"['Get adequate sleep', 'Stay hydrated', 'Eat regular balanced meals', 'Take adequate rest']"
43,28,26.91,4,Moderate,7.8,High Sugar,2025-06-24 20:52:34.916493,36,6,2025-07-30 20:52:34.916493,Mood Swings,6,2025,5.0,50.0,Fatigue,43.5,5.0,5,5.395,Mood Swings,71.0,2025-08-07 20:52:34.916493,"['Maintain adequate sleep', 'Eat regular balanced meals', 'Try gentle exercise', 'Practice relaxation and stress management']"
43,28,26.91,4,Moderate,7.8,High Sugar,2025-07-30 20:52:34.916493,45,6,2025-09-13 20:52:34.916493,Fatigue,7,2025,6.0,36.0,Mood Swings,42.0,5.2,6,5.645,Fatigue,71.5,2025-09-10 20:52:34.916493,"['Get adequate sleep', 'Stay hydrated', 'Eat regular balanced meals', 'Take adequate rest']"
44,26,21.85,1,Moderate,7.1,High Sugar,2025-02-14 20:52:34.916516,42,6,2025-03-28 20:52:34.916516,Cramps,2,2025,3.0,50.0,Mood Swings,50.0,3.0,2,5.785,Cramps,71.5,2025-04-05 20:52:34.916516,"['Use a warm compress', 'Stay hydrated', 'Take adequate rest', 'Try gentle movement']"
44,26,21.85,1,Moderate,7.1,High Sugar,2025-03-28 20:52:34.916516,33,7,2025-04-30 20:52:34.916516,Mood Swings,3,2025,6.0,42.0,Cramps,46.0,4.5,3,6.305,Mood Swings,73.5,2025-05-13 20:52:34.916516,"['Maintain adequate sleep', 'Eat regular balanced meals', 'Try gentle exercise', 'Practice relaxation and stress management']"
44,26,21.85,1,Moderate,7.1,High Sugar,2025-04-30 20:52:34.916516,33,3,2025-06-02 20:52:34.916516,Headache,4,2025,7.0,33.0,Mood Swings,41.666666666666664,5.333333333333333,4,3.645,Headache,76.0,2025-06-11 20:52:34.916516,"['Stay hydrated', 'Eat meals regularly', 'Get adequate sleep', 'Take breaks from prolonged screen use']"
44,26,21.85,1,Moderate,7.1,High Sugar,2025-06-02 20:52:34.916516,30,5,2025-07-02 20:52:34.916516,Cramps,6,2025,3.0,33.0,Headache,39.5,4.75,5,4.975,Cramps,26.0,2025-07-12 20:52:34.916516,"['Use a warm compress', 'Stay hydrated', 'Take adequate rest', 'Try gentle movement']"
44,26,21.85,1,Moderate,7.1,High Sugar,2025-07-02 20:52:34.916516,49,5,2025-08-20 20:52:34.916516,Cramps,7,2025,5.0,30.0,Cramps,37.6,4.8,6,5.075,Cramps,72.0,2025-08-09 20:52:34.916516,"['Use a warm compress', 'Stay hydrated', 'Take adequate rest', 'Try gentle movement']"
44,26,21.85,1,Moderate,7.1,High Sugar,2025-08-20 20:52:34.916516,32,5,2025-09-21 20:52:34.916516,Mood Swings,8,2025,5.0,49.0,Cramps,39.5,4.833333333333333,7,5.06,Mood Swings,69.5,2025-09-29 20:52:34.916516,"['Maintain adequate sleep', 'Eat regular balanced meals', 'Try gentle exercise', 'Practice relaxation and stress management']"
44,26,21.85,1,Moderate,7.1,High Sugar,2025-09-21 20:52:34.916516,33,7,2025-10-24 20:52:34.916516,Headache,9,2025,5.0,32.0,Mood Swings,38.42857142857143,4.857142857142857,8,5.21,Headache,72.5,2025-10-29 20:52:34.916516,"['Stay hydrated', 'Eat meals regularly', 'Get adequate sleep', 'Take breaks from prolonged screen use']"
44,26,21.85,1,Moderate,7.1,High Sugar,2025-10-24 20:52:34.916516,48,6,2025-12-11 20:52:34.916516,Headache,10,2025,7.0,33.0,Headache,37.75,5.125,9,5.64,Cramps,28.999999999999996,2025-12-01 20:52:34.916516,"['Use a warm compress', 'Stay hydrated', 'Take adequate rest', 'Try gentle movement']"
44,26,21.85,1,Moderate,7.1,High Sugar,2025-12-11 20:52:34.916516,28,7,2026-01-08 20:52:34.916516,Cramps,12,2025,6.0,48.0,Headache,38.888888888888886,5.222222222222222,10,6.15,Cramps,72.0,2026-01-19 20:52:34.916516,"['Use a warm compress', 'Stay hydrated', 'Take adequate rest', 'Try gentle movement']"
44,26,21.85,1,Moderate,7.1,High Sugar,2026-01-08 20:52:34.916516,30,5,2026-02-07 20:52:34.916516,Fatigue,1,2026,7.0,28.0,Cramps,37.8,5.4,11,5.185,Fatigue,64.5,2026-02-15 20:52:34.916516,"['Get adequate sleep', 'Stay hydrated', 'Eat regular balanced meals', 'Take adequate rest']"
45,21,23.7,4,Moderate,6.6,Vegetarian,2023-06-27 20:52:34.916551,27,6,2023-07-24 20:52:34.916551,Bloating,6,2023,3.0,30.0,Headache,30.0,3.0,2,5.85,Bloating,65.0,2023-07-27 20:52:34.916551,"['Stay hydrated', 'Eat smaller balanced meals', 'Try gentle physical activity', 'Avoid foods that personally worsen bloating']"
45,21,23.7,4,Moderate,6.6,Vegetarian,2023-07-24 20:52:34.916551,27,6,2023-08-20 20:52:34.916551,Mood Swings,7,2023,6.0,27.0,Bloating,28.5,4.5,3,5.4,Mood Swings,67.0,2023-08-21 20:52:34.916551,"['Maintain adequate sleep', 'Eat regular balanced meals', 'Try gentle exercise', 'Practice relaxation and stress management']"
45,21,23.7,4,Moderate,6.6,Vegetarian,2023-08-20 20:52:34.916551,25,3,2023-09-14 20:52:34.916551,Headache,8,2023,6.0,27.0,Mood Swings,28.0,5.0,4,3.815,Headache,67.5,2023-09-17 20:52:34.916551,"['Stay hydrated', 'Eat meals regularly', 'Get adequate sleep', 'Take breaks from prolonged screen use']"
45,21,23.7,4,Moderate,6.6,Vegetarian,2023-09-14 20:52:34.916551,43,6,2023-10-27 20:52:34.916551,Cramps,9,2023,3.0,25.0,Headache,27.25,4.5,5,5.47,Cramps,70.5,2023-10-11 20:52:34.916551,"['Use a warm compress', 'Stay hydrated', 'Take adequate rest', 'Try gentle movement']"
45,21,23.7,4,Moderate,6.6,Vegetarian,2023-10-27 20:52:34.916551,32,4,2023-11-28 20:52:34.916551,Headache,10,2023,6.0,43.0,Cramps,30.4,4.8,6,4.3,Headache,68.5,2023-11-26 20:52:34.916551,"['Stay hydrated', 'Eat meals regularly', 'Get adequate sleep', 'Take breaks from prolonged screen use']"
45,21,23.7,4,Moderate,6.6,Vegetarian,2023-11-28 20:52:34.916551,44,3,2024-01-11 20:52:34.916551,Fatigue,11,2023,4.0,32.0,Headache,30.666666666666668,4.666666666666667,7,3.87,Fatigue,68.5,2023-12-29 20:52:34.916551,"['Get adequate sleep', 'Stay hydrated', 'Eat regular balanced meals', 'Take adequate rest']"
45,21,23.7,4,Moderate,6.6,Vegetarian,2024-01-11 20:52:34.916551,28,5,2024-02-08 20:52:34.916551,Headache,1,2024,3.0,44.0,Fatigue,32.57142857142857,4.428571428571429,8,5.105,Headache,70.5,2024-02-13 20:52:34.916551,"['Stay hydrated', 'Eat meals regularly', 'Get adequate sleep', 'Take breaks from prolonged screen use']"
46,25,23.71,4,Moderate,5.3,High Sugar,2024-03-10 20:52:34.916578,31,7,2024-04-10 20:52:34.916578,Bloating,3,2024,5.0,26.0,Cramps,26.0,5.0,2,6.14,Bloating,64.5,2024-04-05 20:52:34.916578,"['Stay hydrated', 'Eat smaller balanced meals', 'Try gentle physical activity', 'Avoid foods that personally worsen bloating']"
46,25,23.71,4,Moderate,5.3,High Sugar,2024-04-10 20:52:34.916578,40,6,2024-05-20 20:52:34.916578,Mood Swings,4,2024,7.0,31.0,Bloating,28.5,6.0,3,5.935,Mood Swings,71.5,2024-05-08 20:52:34.916578,"['Maintain adequate sleep', 'Eat regular balanced meals', 'Try gentle exercise', 'Practice relaxation and stress management']"
46,25,23.71,4,Moderate,5.3,High Sugar,2024-05-20 20:52:34.916578,36,4,2024-06-25 20:52:34.916578,Bloating,5,2024,6.0,40.0,Mood Swings,32.333333333333336,6.0,4,4.33,Bloating,76.0,2024-06-21 20:52:34.916578,"['Stay hydrated', 'Eat smaller balanced meals', 'Try gentle physical activity', 'Avoid foods that personally worsen bloating']"
46,25,23.71,4,Moderate,5.3,High Sugar,2024-06-25 20:52:34.916578,48,6,2024-08-12 20:52:34.916578,Headache,6,2024,4.0,36.0,Bloating,33.25,5.5,5,5.22,Headache,74.0,2024-07-28 20:52:34.916578,"['Stay hydrated', 'Eat meals regularly', 'Get adequate sleep', 'Take breaks from prolonged screen use']"
46,25,23.71,4,Moderate,5.3,High Sugar,2024-08-12 20:52:34.916578,50,4,2024-10-01 20:52:34.916578,Bloating,8,2024,6.0,48.0,Headache,36.2,5.6,6,4.235,Bloating,74.0,2024-09-17 20:52:34.916578,"['Stay hydrated', 'Eat smaller balanced meals', 'Try gentle physical activity', 'Avoid foods that personally worsen bloating']"
46,25,23.71,4,Moderate,5.3,High Sugar,2024-10-01 20:52:34.916578,33,5,2024-11-03 20:52:34.916578,Fatigue,10,2024,4.0,50.0,Bloating,38.5,5.333333333333333,7,5.165,Fatigue,66.0,2024-11-08 20:52:34.916578,"['Get adequate sleep', 'Stay hydrated', 'Eat regular balanced meals', 'Take adequate rest']"
46,25,23.71,4,Moderate,5.3,High Sugar,2024-11-03 20:52:34.916578,44,5,2024-12-17 20:52:34.916578,Headache,11,2024,5.0,33.0,Fatigue,37.714285714285715,5.285714285714286,8,5.095,Headache,79.0,2024-12-11 20:52:34.916578,"['Stay hydrated', 'Eat meals regularly', 'Get adequate sleep', 'Take breaks from prolonged screen use']"
46,25,23.71,4,Moderate,5.3,High Sugar,2024-12-17 20:52:34.916578,50,6,2025-02-05 20:52:34.916578,Cramps,12,2024,5.0,44.0,Headache,38.5,5.25,9,5.545,Cramps,64.5,2025-01-24 20:52:34.916578,"['Use a warm compress', 'Stay hydrated', 'Take adequate rest', 'Try gentle movement']"
46,25,23.71,4,Moderate,5.3,High Sugar,2025-02-05 20:52:34.916578,33,5,2025-03-10 20:52:34.916578,Headache,2,2025,6.0,50.0,Cramps,39.77777777777778,5.333333333333333,10,5.295,Headache,67.5,2025-03-17 20:52:34.916578,"['Stay hydrated', 'Eat meals regularly', 'Get adequate sleep', 'Take breaks from prolonged screen use']"
47,25,19.4,5,High,7.2,High Sugar,2025-03-04 20:52:34.916613,37,6,2025-04-10 20:52:34.916613,Mood Swings,3,2025,7.0,34.0,Headache,34.0,7.0,2,5.55,Mood Swings,61.0,2025-04-07 20:52:34.916613,"['Maintain adequate sleep', 'Eat regular balanced meals', 'Try gentle exercise', 'Practice relaxation and stress management']"
47,25,19.4,5,High,7.2,High Sugar,2025-04-10 20:52:34.916613,43,5,2025-05-23 20:52:34.916613,Fatigue,4,2025,6.0,37.0,Mood Swings,35.5,6.5,3,4.93,Fatigue,71.0,2025-05-16 20:52:34.916613,"['Get adequate sleep', 'Stay hydrated', 'Eat regular balanced meals', 'Take adequate rest']"
47,25,19.4,5,High,7.2,High Sugar,2025-05-23 20:52:34.916613,39,4,2025-07-01 20:52:34.916613,Mood Swings,5,2025,5.0,43.0,Fatigue,38.0,6.0,4,4.555,Headache,28.000000000000004,2025-06-30 20:52:34.916613,"['Stay hydrated', 'Eat meals regularly', 'Get adequate sleep', 'Take breaks from prolonged screen use']"
47,25,19.4,5,High,7.2,High Sugar,2025-07-01 20:52:34.916613,43,6,2025-08-13 20:52:34.916613,Headache,7,2025,4.0,39.0,Mood Swings,38.25,5.5,5,5.785,Headache,68.5,2025-08-08 20:52:34.916613,"['Stay hydrated', 'Eat meals regularly', 'Get adequate sleep', 'Take breaks from prolonged screen use']"
47,25,19.4,5,High,7.2,High Sugar,2025-08-13 20:52:34.916613,38,6,2025-09-20 20:52:34.916613,Cramps,8,2025,6.0,43.0,Headache,39.2,5.6,6,5.6,Cramps,74.0,2025-09-21 20:52:34.916613,"['Use a warm compress', 'Stay hydrated', 'Take adequate rest', 'Try gentle movement']"
47,25,19.4,5,High,7.2,High Sugar,2025-09-20 20:52:34.916613,27,5,2025-10-17 20:52:34.916613,Cramps,9,2025,6.0,38.0,Cramps,39.0,5.666666666666667,7,5.23,Cramps,30.5,2025-10-29 20:52:34.916613,"['Use a warm compress', 'Stay hydrated', 'Take adequate rest', 'Try gentle movement']"
48,42,25.93,2,High,6.5,Low Carb,2025-02-04 20:52:34.916637,34,7,2025-03-10 20:52:34.916637,Bloating,2,2025,5.0,47.0,Bloating,47.0,5.0,2,6.345,Bloating,74.0,2025-03-23 20:52:34.916637,"['Stay hydrated', 'Eat smaller balanced meals', 'Try gentle physical activity', 'Avoid foods that personally worsen bloating']"
48,42,25.93,2,High,6.5,Low Carb,2025-03-10 20:52:34.916637,30,7,2025-04-09 20:52:34.916637,Headache,3,2025,7.0,34.0,Bloating,40.5,6.0,3,5.995,Headache,67.5,2025-04-19 20:52:34.916637,"['Stay hydrated', 'Eat meals regularly', 'Get adequate sleep', 'Take breaks from prolonged screen use']"
48,42,25.93,2,High,6.5,Low Carb,2025-04-09 20:52:34.916637,26,4,2025-05-05 20:52:34.916637,Fatigue,4,2025,7.0,30.0,Headache,37.0,6.333333333333333,4,4.415,Fatigue,65.5,2025-05-16 20:52:34.916637,"['Get adequate sleep', 'Stay hydrated', 'Eat regular balanced meals', 'Take adequate rest']"
48,42,25.93,2,High,6.5,Low Carb,2025-05-05 20:52:34.916637,40,6,2025-06-14 20:52:34.916637,Bloating,5,2025,4.0,26.0,Fatigue,34.25,5.75,5,5.48,Bloating,71.5,2025-06-08 20:52:34.916637,"['Stay hydrated', 'Eat smaller balanced meals', 'Try gentle physical activity', 'Avoid foods that personally worsen bloating']"
48,42,25.93,2,High,6.5,Low Carb,2025-06-14 20:52:34.916637,36,4,2025-07-20 20:52:34.916637,Fatigue,6,2025,6.0,40.0,Bloating,35.4,5.8,6,4.315,Fatigue,68.5,2025-07-19 20:52:34.916637,"['Get adequate sleep', 'Stay hydrated', 'Eat regular balanced meals', 'Take adequate rest']"
48,42,25.93,2,High,6.5,Low Carb,2025-07-20 20:52:34.916637,50,4,2025-09-08 20:52:34.916637,Fatigue,7,2025,4.0,36.0,Fatigue,35.5,5.5,7,4.485,Fatigue,75.0,2025-08-25 20:52:34.916637,"['Get adequate sleep', 'Stay hydrated', 'Eat regular balanced meals', 'Take adequate rest']"
48,42,25.93,2,High,6.5,Low Carb,2025-09-08 20:52:34.916637,26,7,2025-10-04 20:52:34.916637,Cramps,9,2025,4.0,50.0,Fatigue,37.57142857142857,5.285714285714286,8,6.195,Fatigue,35.0,2025-10-16 20:52:34.916637,"['Get adequate sleep', 'Stay hydrated', 'Eat regular balanced meals', 'Take adequate rest']"
48,42,25.93,2,High,6.5,Low Carb,2025-10-04 20:52:34.916637,42,3,2025-11-15 20:52:34.916637,Bloating,10,2025,7.0,26.0,Cramps,36.125,5.5,9,3.84,Fatigue,34.0,2025-11-09 20:52:34.916637,"['Get adequate sleep', 'Stay hydrated', 'Eat regular balanced meals', 'Take adequate rest']"
48,42,25.93,2,High,6.5,Low Carb,2025-11-15 20:52:34.916637,46,5,2025-12-31 20:52:34.916637,Bloating,11,2025,3.0,42.0,Bloating,36.77777777777778,5.222222222222222,10,5.205,Fatigue,34.5,2025-12-22 20:52:34.916637,"['Get adequate sleep', 'Stay hydrated', 'Eat regular balanced meals', 'Take adequate rest']"
49,35,24.64,3,Low,5.4,Vegetarian,2023-04-17 20:52:34.916670,30,7,2023-05-17 20:52:34.916670,Headache,4,2023,3.0,26.0,Headache,26.0,3.0,2,6.445,Headache,65.5,2023-05-13 20:52:34.916670,"['Stay hydrated', 'Eat meals regularly', 'Get adequate sleep', 'Take breaks from prolonged screen use']"
49,35,24.64,3,Low,5.4,Vegetarian,2023-05-17 20:52:34.916670,42,7,2023-06-28 20:52:34.916670,Cramps,5,2023,7.0,30.0,Headache,28.0,5.0,3,5.97,Cramps,69.0,2023-06-14 20:52:34.916670,"['Use a warm compress', 'Stay hydrated', 'Take adequate rest', 'Try gentle movement']"
49,35,24.64,3,Low,5.4,Vegetarian,2023-06-28 20:52:34.916670,35,6,2023-08-02 20:52:34.916670,Headache,6,2023,7.0,42.0,Cramps,32.666666666666664,5.666666666666667,4,5.575,Headache,63.5,2023-07-31 20:52:34.916670,"['Stay hydrated', 'Eat meals regularly', 'Get adequate sleep', 'Take breaks from prolonged screen use']"
49,35,24.64,3,Low,5.4,Vegetarian,2023-08-02 20:52:34.916670,34,7,2023-09-05 20:52:34.916670,Bloating,8,2023,6.0,35.0,Headache,33.25,5.75,5,5.16,Bloating,70.5,2023-09-04 20:52:34.916670,"['Stay hydrated', 'Eat smaller balanced meals', 'Try gentle physical activity', 'Avoid foods that personally worsen bloating']"
49,35,24.64,3,Low,5.4,Vegetarian,2023-09-05 20:52:34.916670,25,4,2023-09-30 20:52:34.916670,Cramps,9,2023,7.0,34.0,Bloating,33.4,6.0,6,4.385,Cramps,73.5,2023-10-08 20:52:34.916670,"['Use a warm compress', 'Stay hydrated', 'Take adequate rest', 'Try gentle movement']"
49,35,24.64,3,Low,5.4,Vegetarian,2023-09-30 20:52:34.916670,43,6,2023-11-12 20:52:34.916670,Mood Swings,9,2023,4.0,25.0,Cramps,32.0,5.666666666666667,7,5.61,Mood Swings,66.5,2023-11-01 20:52:34.916670,"['Maintain adequate sleep', 'Eat regular balanced meals', 'Try gentle exercise', 'Practice relaxation and stress management']"
49,35,24.64,3,Low,5.4,Vegetarian,2023-11-12 20:52:34.916670,34,3,2023-12-16 20:52:34.916670,Mood Swings,11,2023,6.0,43.0,Mood Swings,33.57142857142857,5.714285714285714,8,3.555,Mood Swings,72.0,2023-12-16 20:52:34.916670,"['Maintain adequate sleep', 'Eat regular balanced meals', 'Try gentle exercise', 'Practice relaxation and stress management']"
49,35,24.64,3,Low,5.4,Vegetarian,2023-12-16 20:52:34.916670,30,3,2024-01-15 20:52:34.916670,Fatigue,12,2023,3.0,34.0,Mood Swings,33.625,5.375,9,3.915,Fatigue,64.5,2024-01-19 20:52:34.916670,"['Get adequate sleep', 'Stay hydrated', 'Eat regular balanced meals', 'Take adequate rest']"
49,35,24.64,3,Low,5.4,Vegetarian,2024-01-15 20:52:34.916670,43,7,2024-02-27 20:52:34.916670,Cramps,1,2024,3.0,30.0,Fatigue,33.22222222222222,5.111111111111111,10,5.89,Cramps,69.0,2024-02-17 20:52:34.916670,"['Use a warm compress', 'Stay hydrated', 'Take adequate rest', 'Try gentle movement']"
49,35,24.64,3,Low,5.4,Vegetarian,2024-02-27 20:52:34.916670,42,3,2024-04-09 20:52:34.916670,Bloating,2,2024,7.0,43.0,Cramps,34.2,5.3,11,3.81,Bloating,69.5,2024-04-01 20:52:34.916670,"['Stay hydrated', 'Eat smaller balanced meals', 'Try gentle physical activity', 'Avoid foods that personally worsen bloating']"
49,35,24.64,3,Low,5.4,Vegetarian,2024-04-09 20:52:34.916670,50,3,2024-05-29 20:52:34.916670,Bloating,4,2024,3.0,42.0,Bloating,34.90909090909091,5.090909090909091,12,3.925,Bloating,69.5,2024-05-14 20:52:34.916670,"['Stay hydrated', 'Eat smaller balanced meals', 'Try gentle physical activity', 'Avoid foods that personally worsen bloating']"
50,38,28.53,1,Low,8.3,Low Carb,2024-02-08 20:52:34.916715,26,4,2024-03-05 20:52:34.916715,Bloating,2,2024,4.0,47.0,Fatigue,47.0,4.0,2,4.7,Bloating,30.5,2024-03-26 20:52:34.916715,"['Stay hydrated', 'Eat smaller balanced meals', 'Try gentle physical activity', 'Avoid foods that personally worsen bloating']"
50,38,28.53,1,Low,8.3,Low Carb,2024-03-05 20:52:34.916715,35,5,2024-04-09 20:52:34.916715,Headache,3,2024,4.0,26.0,Bloating,36.5,4.0,3,5.0,Headache,78.0,2024-04-10 20:52:34.916715,"['Stay hydrated', 'Eat meals regularly', 'Get adequate sleep', 'Take breaks from prolonged screen use']"
50,38,28.53,1,Low,8.3,Low Carb,2024-04-09 20:52:34.916715,35,4,2024-05-14 20:52:34.916715,Headache,4,2024,5.0,35.0,Headache,36.0,4.333333333333333,4,4.32,Headache,64.0,2024-05-15 20:52:34.916715,"['Stay hydrated', 'Eat meals regularly', 'Get adequate sleep', 'Take breaks from prolonged screen use']"
50,38,28.53,1,Low,8.3,Low Carb,2024-05-14 20:52:34.916715,45,3,2024-06-28 20:52:34.916715,Fatigue,5,2024,4.0,35.0,Headache,35.75,4.25,5,3.84,Fatigue,63.5,2024-06-19 20:52:34.916715,"['Get adequate sleep', 'Stay hydrated', 'Eat regular balanced meals', 'Take adequate rest']"
50,38,28.53,1,Low,8.3,Low Carb,2024-06-28 20:52:34.916715,34,3,2024-08-01 20:52:34.916715,Cramps,6,2024,3.0,45.0,Fatigue,37.6,4.0,6,4.005,Cramps,63.0,2024-08-05 20:52:34.916715,"['Use a warm compress', 'Stay hydrated', 'Take adequate rest', 'Try gentle movement']"
51,35,21.11,4,High,7.0,High Sugar,2023-04-29 20:52:34.916738,36,5,2023-06-04 20:52:34.916738,Bloating,4,2023,4.0,31.0,Headache,31.0,4.0,2,4.95,Bloating,78.0,2023-05-30 20:52:34.916738,"['Stay hydrated', 'Eat smaller balanced meals', 'Try gentle physical activity', 'Avoid foods that personally worsen bloating']"
51,35,21.11,4,High,7.0,High Sugar,2023-06-04 20:52:34.916738,43,3,2023-07-17 20:52:34.916738,Fatigue,6,2023,5.0,36.0,Bloating,33.5,4.5,3,3.905,Fatigue,73.0,2023-07-08 20:52:34.916738,"['Get adequate sleep', 'Stay hydrated', 'Eat regular balanced meals', 'Take adequate rest']"
51,35,21.11,4,High,7.0,High Sugar,2023-07-17 20:52:34.916738,48,6,2023-09-03 20:52:34.916738,Headache,7,2023,3.0,43.0,Fatigue,36.666666666666664,4.0,4,5.9,Bloating,39.5,2023-08-23 20:52:34.916738,"['Stay hydrated', 'Eat smaller balanced meals', 'Try gentle physical activity', 'Avoid foods that personally worsen bloating']"
51,35,21.11,4,High,7.0,High Sugar,2023-09-03 20:52:34.916738,47,3,2023-10-20 20:52:34.916738,Headache,9,2023,6.0,48.0,Headache,39.5,4.5,5,3.94,Headache,65.0,2023-10-13 20:52:34.916738,"['Stay hydrated', 'Eat meals regularly', 'Get adequate sleep', 'Take breaks from prolonged screen use']"
51,35,21.11,4,High,7.0,High Sugar,2023-10-20 20:52:34.916738,28,5,2023-11-17 20:52:34.916738,Bloating,10,2023,3.0,47.0,Headache,41.0,4.2,6,5.085,Bloating,69.5,2023-11-30 20:52:34.916738,"['Stay hydrated', 'Eat smaller balanced meals', 'Try gentle physical activity', 'Avoid foods that personally worsen bloating']"
51,35,21.11,4,High,7.0,High Sugar,2023-11-17 20:52:34.916738,32,6,2023-12-19 20:52:34.916738,Bloating,11,2023,5.0,28.0,Bloating,38.833333333333336,4.333333333333333,7,5.64,Bloating,74.0,2023-12-26 20:52:34.916738,"['Stay hydrated', 'Eat smaller balanced meals', 'Try gentle physical activity', 'Avoid foods that personally worsen bloating']"
51,35,21.11,4,High,7.0,High Sugar,2023-12-19 20:52:34.916738,41,7,2024-01-29 20:52:34.916738,Bloating,12,2023,6.0,32.0,Bloating,37.857142857142854,4.571428571428571,8,6.135,Bloating,73.0,2024-01-26 20:52:34.916738,"['Stay hydrated', 'Eat smaller balanced meals', 'Try gentle physical activity', 'Avoid foods that personally worsen bloating']"
51,35,21.11,4,High,7.0,High Sugar,2024-01-29 20:52:34.916738,40,5,2024-03-09 20:52:34.916738,Headache,1,2024,7.0,41.0,Bloating,38.25,4.875,9,5.225,Headache,73.5,2024-03-07 20:52:34.916738,"['Stay hydrated', 'Eat meals regularly', 'Get adequate sleep', 'Take breaks from prolonged screen use']"
51,35,21.11,4,High,7.0,High Sugar,2024-03-09 20:52:34.916738,37,3,2024-04-15 20:52:34.916738,Bloating,3,2024,5.0,40.0,Headache,38.44444444444444,4.888888888888889,10,5.38,Bloating,74.0,2024-04-16 20:52:34.916738,"['Stay hydrated', 'Eat smaller balanced meals', 'Try gentle physical activity', 'Avoid foods that personally worsen bloating']"
52,26,29.35,5,High,7.5,Low Carb,2024-03-17 20:52:34.916773,30,5,2024-04-16 20:52:34.916773,Fatigue,3,2024,6.0,29.0,Bloating,29.0,6.0,2,4.965,Fatigue,72.0,2024-04-15 20:52:34.916773,"['Get adequate sleep', 'Stay hydrated', 'Eat regular balanced meals', 'Take adequate rest']"
52,26,29.35,5,High,7.5,Low Carb,2024-04-16 20:52:34.916773,35,4,2024-05-21 20:52:34.916773,Fatigue,4,2024,5.0,30.0,Fatigue,29.5,5.5,3,4.565,Fatigue,80.0,2024-05-16 20:52:34.916773,"['Get adequate sleep', 'Stay hydrated', 'Eat regular balanced meals', 'Take adequate rest']"
52,26,29.35,5,High,7.5,Low Carb,2024-05-21 20:52:34.916773,48,5,2024-07-08 20:52:34.916773,Bloating,5,2024,4.0,35.0,Fatigue,31.333333333333332,5.0,4,4.96,Bloating,71.0,2024-06-21 20:52:34.916773,"['Stay hydrated', 'Eat smaller balanced meals', 'Try gentle physical activity', 'Avoid foods that personally worsen bloating']"
52,26,29.35,5,High,7.5,Low Carb,2024-07-08 20:52:34.916773,38,3,2024-08-15 20:52:34.916773,Bloating,7,2024,5.0,48.0,Bloating,35.5,5.0,5,3.595,Bloating,28.000000000000004,2024-08-13 20:52:34.916773,"['Stay hydrated', 'Eat smaller balanced meals', 'Try gentle physical activity', 'Avoid foods that personally worsen bloating']"
52,26,29.35,5,High,7.5,Low Carb,2024-08-15 20:52:34.916773,49,7,2024-10-03 20:52:34.916773,Cramps,8,2024,3.0,38.0,Bloating,36.0,4.6,6,5.98,Cramps,67.5,2024-09-20 20:52:34.916773,"['Use a warm compress', 'Stay hydrated', 'Take adequate rest', 'Try gentle movement']"
52,26,29.35,5,High,7.5,Low Carb,2024-10-03 20:52:34.916773,42,3,2024-11-14 20:52:34.916773,Bloating,10,2024,7.0,49.0,Cramps,38.166666666666664,5.0,7,3.685,Bloating,69.5,2024-11-10 20:52:34.916773,"['Stay hydrated', 'Eat smaller balanced meals', 'Try gentle physical activity', 'Avoid foods that personally worsen bloating']"
52,26,29.35,5,High,7.5,Low Carb,2024-11-14 20:52:34.916773,41,3,2024-12-25 20:52:34.916773,Bloating,11,2024,3.0,42.0,Bloating,38.714285714285715,4.714285714285714,8,5.365,Bloating,69.0,2024-12-23 20:52:34.916773,"['Stay hydrated', 'Eat smaller balanced meals', 'Try gentle physical activity', 'Avoid foods that personally worsen bloating']"
52,26,29.35,5,High,7.5,Low Carb,2024-12-25 20:52:34.916773,37,7,2025-01-31 20:52:34.916773,Mood Swings,12,2024,3.0,41.0,Bloating,39.0,4.5,9,6.09,Mood Swings,64.5,2025-02-02 20:52:34.916773,"['Maintain adequate sleep', 'Eat regular balanced meals', 'Try gentle exercise', 'Practice relaxation and stress management']"
52,26,29.35,5,High,7.5,Low Carb,2025-01-31 20:52:34.916773,48,5,2025-03-20 20:52:34.916773,Bloating,1,2025,7.0,37.0,Mood Swings,38.77777777777778,4.777777777777778,10,4.99,Bloating,30.0,2025-03-11 20:52:34.916773,"['Stay hydrated', 'Eat smaller balanced meals', 'Try gentle physical activity', 'Avoid foods that personally worsen bloating']"
52,26,29.35,5,High,7.5,Low Carb,2025-03-20 20:52:34.916773,46,7,2025-05-05 20:52:34.916773,Headache,3,2025,5.0,48.0,Bloating,39.7,4.8,11,6.165,Headache,68.0,2025-04-29 20:52:34.916773,"['Stay hydrated', 'Eat meals regularly', 'Get adequate sleep', 'Take breaks from prolonged screen use']"
53,43,22.23,1,Moderate,6.3,High Sugar,2025-02-04 20:52:34.916809,27,5,2025-03-03 20:52:34.916809,Bloating,2,2025,6.0,43.0,Headache,43.0,6.0,2,5.13,Bloating,37.0,2025-03-19 20:52:34.916809,"['Stay hydrated', 'Eat smaller balanced meals', 'Try gentle physical activity', 'Avoid foods that personally worsen bloating']"
53,43,22.23,1,Moderate,6.3,High Sugar,2025-03-03 20:52:34.916809,44,6,2025-04-16 20:52:34.916809,Fatigue,3,2025,5.0,27.0,Bloating,35.0,5.5,3,4.92,Fatigue,69.0,2025-04-07 20:52:34.916809,"['Get adequate sleep', 'Stay hydrated', 'Eat regular balanced meals', 'Take adequate rest']"
53,43,22.23,1,Moderate,6.3,High Sugar,2025-04-16 20:52:34.916809,36,5,2025-05-22 20:52:34.916809,Bloating,4,2025,6.0,44.0,Fatigue,38.0,5.666666666666667,4,4.855,Bloating,73.0,2025-05-24 20:52:34.916809,"['Stay hydrated', 'Eat smaller balanced meals', 'Try gentle physical activity', 'Avoid foods that personally worsen bloating']"
53,43,22.23,1,Moderate,6.3,High Sugar,2025-05-22 20:52:34.916809,38,5,2025-06-29 20:52:34.916809,Cramps,5,2025,5.0,36.0,Bloating,37.5,5.5,5,5.11,Cramps,78.5,2025-06-29 20:52:34.916809,"['Use a warm compress', 'Stay hydrated', 'Take adequate rest', 'Try gentle movement']"
53,43,22.23,1,Moderate,6.3,High Sugar,2025-06-29 20:52:34.916809,45,6,2025-08-13 20:52:34.916809,Cramps,6,2025,5.0,38.0,Cramps,37.6,5.4,6,5.18,Cramps,74.5,2025-08-06 20:52:34.916809,"['Use a warm compress', 'Stay hydrated', 'Take adequate rest', 'Try gentle movement']"
54,26,25.25,1,High,7.4,Balanced,2024-03-16 20:52:34.916833,45,5,2024-04-30 20:52:34.916833,Fatigue,3,2024,7.0,36.0,Mood Swings,36.0,7.0,2,5.005,Bloating,30.0,2024-04-21 20:52:34.916833,"['Stay hydrated', 'Eat smaller balanced meals', 'Try gentle physical activity', 'Avoid foods that personally worsen bloating']"
54,26,25.25,1,High,7.4,Balanced,2024-04-30 20:52:34.916833,32,6,2024-06-01 20:52:34.916833,Headache,4,2024,5.0,45.0,Fatigue,40.5,6.0,3,4.955,Headache,69.0,2024-06-09 20:52:34.916833,"['Stay hydrated', 'Eat meals regularly', 'Get adequate sleep', 'Take breaks from prolonged screen use']"
54,26,25.25,1,High,7.4,Balanced,2024-06-01 20:52:34.916833,34,3,2024-07-05 20:52:34.916833,Bloating,6,2024,6.0,32.0,Headache,37.666666666666664,6.0,4,3.83,Bloating,79.5,2024-07-09 20:52:34.916833,"['Stay hydrated', 'Eat smaller balanced meals', 'Try gentle physical activity', 'Avoid foods that personally worsen bloating']"
54,26,25.25,1,High,7.4,Balanced,2024-07-05 20:52:34.916833,28,3,2024-08-02 20:52:34.916833,Cramps,7,2024,3.0,34.0,Bloating,36.75,5.25,5,5.075,Cramps,75.0,2024-08-11 20:52:34.916833,"['Use a warm compress', 'Stay hydrated', 'Take adequate rest', 'Try gentle movement']"
54,26,25.25,1,High,7.4,Balanced,2024-08-02 20:52:34.916833,48,4,2024-09-19 20:52:34.916833,Cramps,8,2024,3.0,28.0,Cramps,35.0,4.8,6,4.39,Cramps,70.5,2024-09-06 20:52:34.916833,"['Use a warm compress', 'Stay hydrated', 'Take adequate rest', 'Try gentle movement']"
54,26,25.25,1,High,7.4,Balanced,2024-09-19 20:52:34.916833,50,3,2024-11-08 20:52:34.916833,Headache,9,2024,4.0,48.0,Cramps,37.166666666666664,4.666666666666667,7,4.19,Headache,71.5,2024-10-26 20:52:34.916833,"['Stay hydrated', 'Eat meals regularly', 'Get adequate sleep', 'Take breaks from prolonged screen use']"
54,26,25.25,1,High,7.4,Balanced,2024-11-08 20:52:34.916833,40,4,2024-12-18 20:52:34.916833,Headache,11,2024,3.0,50.0,Headache,39.0,4.428571428571429,8,4.555,Headache,68.5,2024-12-17 20:52:34.916833,"['Stay hydrated', 'Eat meals regularly', 'Get adequate sleep', 'Take breaks from prolonged screen use']"
54,26,25.25,1,High,7.4,Balanced,2024-12-18 20:52:34.916833,46,4,2025-02-02 20:52:34.916833,Fatigue,12,2024,4.0,40.0,Headache,39.125,4.375,9,4.52,Fatigue,66.0,2025-01-26 20:52:34.916833,"['Get adequate sleep', 'Stay hydrated', 'Eat regular balanced meals', 'Take adequate rest']"
55,31,27.99,4,Moderate,7.2,Balanced,2023-05-22 20:52:34.916866,49,3,2023-07-10 20:52:34.916866,Headache,5,2023,5.0,31.0,Mood Swings,31.0,5.0,2,3.875,Headache,68.5,2023-06-22 20:52:34.916866,"['Stay hydrated', 'Eat meals regularly', 'Get adequate sleep', 'Take breaks from prolonged screen use']"
55,31,27.99,4,Moderate,7.2,Balanced,2023-07-10 20:52:34.916866,50,7,2023-08-29 20:52:34.916866,Cramps,7,2023,3.0,49.0,Headache,40.0,4.0,3,6.435,Cramps,72.0,2023-08-19 20:52:34.916866,"['Use a warm compress', 'Stay hydrated', 'Take adequate rest', 'Try gentle movement']"
55,31,27.99,4,Moderate,7.2,Balanced,2023-08-29 20:52:34.916866,39,7,2023-10-07 20:52:34.916866,Mood Swings,8,2023,7.0,50.0,Cramps,43.333333333333336,5.0,4,5.85,Mood Swings,72.0,2023-10-11 20:52:34.916866,"['Maintain adequate sleep', 'Eat regular balanced meals', 'Try gentle exercise', 'Practice relaxation and stress management']"
55,31,27.99,4,Moderate,7.2,Balanced,2023-10-07 20:52:34.916866,48,6,2023-11-24 20:52:34.916866,Cramps,10,2023,7.0,39.0,Mood Swings,42.25,5.5,5,4.96,Cramps,71.0,2023-11-18 20:52:34.916866,"['Use a warm compress', 'Stay hydrated', 'Take adequate rest', 'Try gentle movement']"
55,31,27.99,4,Moderate,7.2,Balanced,2023-11-24 20:52:34.916866,25,4,2023-12-19 20:52:34.916866,Bloating,11,2023,6.0,48.0,Cramps,43.4,5.6,6,4.66,Bloating,30.5,2024-01-06 20:52:34.916866,"['Stay hydrated', 'Eat smaller balanced meals', 'Try gentle physical activity', 'Avoid foods that personally worsen bloating']"
55,31,27.99,4,Moderate,7.2,Balanced,2023-12-19 20:52:34.916866,48,4,2024-02-05 20:52:34.916866,Bloating,12,2023,4.0,25.0,Bloating,40.333333333333336,5.333333333333333,7,4.68,Bloating,39.0,2024-01-28 20:52:34.916866,"['Stay hydrated', 'Eat smaller balanced meals', 'Try gentle physical activity', 'Avoid foods that personally worsen bloating']"
55,31,27.99,4,Moderate,7.2,Balanced,2024-02-05 20:52:34.916866,26,6,2024-03-02 20:52:34.916866,Bloating,2,2024,4.0,48.0,Bloating,41.42857142857143,5.142857142857143,8,5.775,Bloating,79.0,2024-03-17 20:52:34.916866,"['Stay hydrated', 'Eat smaller balanced meals', 'Try gentle physical activity', 'Avoid foods that personally worsen bloating']"
55,31,27.99,4,Moderate,7.2,Balanced,2024-03-02 20:52:34.916866,38,3,2024-04-09 20:52:34.916866,Bloating,3,2024,6.0,26.0,Bloating,39.5,5.25,9,3.755,Bloating,72.5,2024-04-11 20:52:34.916866,"['Stay hydrated', 'Eat smaller balanced meals', 'Try gentle physical activity', 'Avoid foods that personally worsen bloating']"
55,31,27.99,4,Moderate,7.2,Balanced,2024-04-09 20:52:34.916866,31,6,2024-05-10 20:52:34.916866,Mood Swings,4,2024,3.0,38.0,Bloating,39.333333333333336,5.0,10,5.65,Mood Swings,71.5,2024-05-18 20:52:34.916866,"['Maintain adequate sleep', 'Eat regular balanced meals', 'Try gentle exercise', 'Practice relaxation and stress management']"
55,31,27.99,4,Moderate,7.2,Balanced,2024-05-10 20:52:34.916866,41,4,2024-06-20 20:52:34.916866,Headache,5,2024,6.0,31.0,Mood Swings,38.5,5.1,11,4.3,Headache,71.5,2024-06-17 20:52:34.916866,"['Stay hydrated', 'Eat meals regularly', 'Get adequate sleep', 'Take breaks from prolonged screen use']"
55,31,27.99,4,Moderate,7.2,Balanced,2024-06-20 20:52:34.916866,33,7,2024-07-23 20:52:34.916866,Mood Swings,6,2024,4.0,41.0,Headache,38.72727272727273,5.0,12,5.13,Mood Swings,68.0,2024-07-29 20:52:34.916866,"['Maintain adequate sleep', 'Eat regular balanced meals', 'Try gentle exercise', 'Practice relaxation and stress management']"
56,31,18.83,4,Low,7.6,Vegetarian,2023-06-10 20:52:34.917187,33,7,2023-07-13 20:52:34.917187,Bloating,6,2023,7.0,40.0,Mood Swings,40.0,7.0,2,6.02,Bloating,73.5,2023-07-20 20:52:34.917187,"['Stay hydrated', 'Eat smaller balanced meals', 'Try gentle physical activity', 'Avoid foods that personally worsen bloating']"
56,31,18.83,4,Low,7.6,Vegetarian,2023-07-13 20:52:34.917187,32,3,2023-08-14 20:52:34.917187,Bloating,7,2023,7.0,33.0,Bloating,36.5,7.0,3,3.825,Bloating,71.5,2023-08-18 20:52:34.917187,"['Stay hydrated', 'Eat smaller balanced meals', 'Try gentle physical activity', 'Avoid foods that personally worsen bloating']"
56,31,18.83,4,Low,7.6,Vegetarian,2023-08-14 20:52:34.917187,32,7,2023-09-15 20:52:34.917187,Cramps,8,2023,3.0,32.0,Bloating,35.0,5.666666666666667,4,5.945,Bloating,30.5,2023-09-18 20:52:34.917187,"['Stay hydrated', 'Eat smaller balanced meals', 'Try gentle physical activity', 'Avoid foods that personally worsen bloating']"
56,31,18.83,4,Low,7.6,Vegetarian,2023-09-15 20:52:34.917187,26,4,2023-10-11 20:52:34.917187,Cramps,9,2023,7.0,32.0,Cramps,34.25,6.0,5,4.34,Cramps,65.5,2023-10-19 20:52:34.917187,"['Use a warm compress', 'Stay hydrated', 'Take adequate rest', 'Try gentle movement']"
56,31,18.83,4,Low,7.6,Vegetarian,2023-10-11 20:52:34.917187,34,4,2023-11-14 20:52:34.917187,Bloating,10,2023,4.0,26.0,Cramps,32.6,5.6,6,5.14,Bloating,70.0,2023-11-13 20:52:34.917187,"['Stay hydrated', 'Eat smaller balanced meals', 'Try gentle physical activity', 'Avoid foods that personally worsen bloating']"
56,31,18.83,4,Low,7.6,Vegetarian,2023-11-14 20:52:34.917187,25,6,2023-12-09 20:52:34.917187,Fatigue,11,2023,4.0,34.0,Bloating,32.833333333333336,5.333333333333333,7,5.12,Fatigue,71.0,2023-12-17 20:52:34.917187,"['Get adequate sleep', 'Stay hydrated', 'Eat regular balanced meals', 'Take adequate rest']"
56,31,18.83,4,Low,7.6,Vegetarian,2023-12-09 20:52:34.917187,49,4,2024-01-27 20:52:34.917187,Mood Swings,12,2023,6.0,25.0,Fatigue,31.714285714285715,5.428571428571429,8,4.34,Mood Swings,67.0,2024-01-10 20:52:34.917187,"['Maintain adequate sleep', 'Eat regular balanced meals', 'Try gentle exercise', 'Practice relaxation and stress management']"
56,31,18.83,4,Low,7.6,Vegetarian,2024-01-27 20:52:34.917187,29,6,2024-02-25 20:52:34.917187,Fatigue,1,2024,4.0,49.0,Mood Swings,33.875,5.25,9,5.745,Fatigue,73.5,2024-03-01 20:52:34.917187,"['Get adequate sleep', 'Stay hydrated', 'Eat regular balanced meals', 'Take adequate rest']"
56,31,18.83,4,Low,7.6,Vegetarian,2024-02-25 20:52:34.917187,49,5,2024-04-14 20:52:34.917187,Bloating,2,2024,6.0,29.0,Fatigue,33.333333333333336,5.333333333333333,10,5.18,Bloating,68.0,2024-03-29 20:52:34.917187,"['Stay hydrated', 'Eat smaller balanced meals', 'Try gentle physical activity', 'Avoid foods that personally worsen bloating']"
56,31,18.83,4,Low,7.6,Vegetarian,2024-04-14 20:52:34.917187,46,5,2024-05-30 20:52:34.917187,Fatigue,4,2024,5.0,49.0,Bloating,34.9,5.3,11,5.35,Fatigue,73.0,2024-05-19 20:52:34.917187,"['Get adequate sleep', 'Stay hydrated', 'Eat regular balanced meals', 'Take adequate rest']"
56,31,18.83,4,Low,7.6,Vegetarian,2024-05-30 20:52:34.917187,45,7,2024-07-14 20:52:34.917187,Cramps,5,2024,5.0,46.0,Fatigue,35.90909090909091,5.2727272727272725,12,6.19,Cramps,73.0,2024-07-05 20:52:34.917187,"['Use a warm compress', 'Stay hydrated', 'Take adequate rest', 'Try gentle movement']"
57,39,27.5,4,High,6.1,Balanced,2023-11-22 20:52:34.917228,32,5,2023-12-24 20:52:34.917228,Fatigue,11,2023,5.0,33.0,Bloating,33.0,5.0,2,5.925,Fatigue,72.0,2023-12-25 20:52:34.917228,"['Get adequate sleep', 'Stay hydrated', 'Eat regular balanced meals', 'Take adequate rest']"
57,39,27.5,4,High,6.1,Balanced,2023-12-24 20:52:34.917228,45,7,2024-02-07 20:52:34.917228,Mood Swings,12,2023,5.0,32.0,Fatigue,32.5,5.0,3,6.195,Mood Swings,64.5,2024-01-25 20:52:34.917228,"['Maintain adequate sleep', 'Eat regular balanced meals', 'Try gentle exercise', 'Practice relaxation and stress management']"
57,39,27.5,4,High,6.1,Balanced,2024-02-07 20:52:34.917228,40,5,2024-03-18 20:52:34.917228,Headache,2,2024,7.0,45.0,Mood Swings,36.666666666666664,5.666666666666667,4,5.005,Bloating,26.5,2024-03-15 20:52:34.917228,"['Stay hydrated', 'Eat smaller balanced meals', 'Try gentle physical activity', 'Avoid foods that personally worsen bloating']"
57,39,27.5,4,High,6.1,Balanced,2024-03-18 20:52:34.917228,30,7,2024-04-17 20:52:34.917228,Mood Swings,3,2024,5.0,40.0,Headache,37.5,5.5,5,6.19,Mood Swings,67.5,2024-04-25 20:52:34.917228,"['Maintain adequate sleep', 'Eat regular balanced meals', 'Try gentle exercise', 'Practice relaxation and stress management']"
57,39,27.5,4,High,6.1,Balanced,2024-04-17 20:52:34.917228,41,5,2024-05-28 20:52:34.917228,Fatigue,4,2024,7.0,30.0,Mood Swings,36.0,5.8,6,4.795,Fatigue,21.0,2024-05-23 20:52:34.917228,"['Get adequate sleep', 'Stay hydrated', 'Eat regular balanced meals', 'Take adequate rest']"
57,39,27.5,4,High,6.1,Balanced,2024-05-28 20:52:34.917228,35,5,2024-07-02 20:52:34.917228,Fatigue,5,2024,5.0,41.0,Fatigue,36.833333333333336,5.666666666666667,7,5.11,Fatigue,63.5,2024-07-04 20:52:34.917228,"['Get adequate sleep', 'Stay hydrated', 'Eat regular balanced meals', 'Take adequate rest']"
57,39,27.5,4,High,6.1,Balanced,2024-07-02 20:52:34.917228,47,5,2024-08-18 20:52:34.917228,Headache,7,2024,5.0,35.0,Fatigue,36.57142857142857,5.571428571428571,8,5.11,Headache,70.0,2024-08-08 20:52:34.917228,"['Stay hydrated', 'Eat meals regularly', 'Get adequate sleep', 'Take breaks from prolonged screen use']"
58,39,26.58,3,Low,8.0,High Sugar,2024-05-25 20:52:34.917269,47,5,2024-07-11 20:52:34.917269,Mood Swings,5,2024,4.0,36.0,Fatigue,36.0,4.0,2,5.11,Mood Swings,69.0,2024-06-30 20:52:34.917269,"['Maintain adequate sleep', 'Eat regular balanced meals', 'Try gentle exercise', 'Practice relaxation and stress management']"
58,39,26.58,3,Low,8.0,High Sugar,2024-07-11 20:52:34.917269,48,5,2024-08-28 20:52:34.917269,Bloating,7,2024,5.0,47.0,Mood Swings,41.5,4.5,3,5.065,Bloating,68.0,2024-08-22 20:52:34.917269,"['Stay hydrated', 'Eat smaller balanced meals', 'Try gentle physical activity', 'Avoid foods that personally worsen bloating']"
58,39,26.58,3,Low,8.0,High Sugar,2024-08-28 20:52:34.917269,31,7,2024-09-28 20:52:34.917269,Fatigue,8,2024,5.0,48.0,Bloating,43.666666666666664,4.666666666666667,4,6.425,Fatigue,67.0,2024-10-11 20:52:34.917269,"['Get adequate sleep', 'Stay hydrated', 'Eat regular balanced meals', 'Take adequate rest']"
58,39,26.58,3,Low,8.0,High Sugar,2024-09-28 20:52:34.917269,49,4,2024-11-16 20:52:34.917269,Mood Swings,9,2024,7.0,31.0,Fatigue,40.5,5.25,5,4.605,Mood Swings,68.5,2024-11-07 20:52:34.917269,"['Maintain adequate sleep', 'Eat regular balanced meals', 'Try gentle exercise', 'Practice relaxation and stress management']"
58,39,26.58,3,Low,8.0,High Sugar,2024-11-16 20:52:34.917269,45,7,2024-12-31 20:52:34.917269,Headache,11,2024,4.0,49.0,Mood Swings,42.2,5.0,6,5.395,Bloating,39.0,2024-12-28 20:52:34.917269,"['Stay hydrated', 'Eat smaller balanced meals', 'Try gentle physical activity', 'Avoid foods that personally worsen bloating']"
58,39,26.58,3,Low,8.0,High Sugar,2024-12-31 20:52:34.917269,42,7,2025-02-11 20:52:34.917269,Headache,12,2024,7.0,45.0,Headache,42.666666666666664,5.333333333333333,7,6.495,Headache,65.0,2025-02-12 20:52:34.917269,"['Stay hydrated', 'Eat meals regularly', 'Get adequate sleep', 'Take breaks from prolonged screen use']"
58,39,26.58,3,Low,8.0,High Sugar,2025-02-11 20:52:34.917269,27,7,2025-03-10 20:52:34.917269,Bloating,2,2025,7.0,42.0,Headache,42.57142857142857,5.571428571428571,8,6.515,Bloating,70.0,2025-03-26 20:52:34.917269,"['Stay hydrated', 'Eat smaller balanced meals', 'Try gentle physical activity', 'Avoid foods that personally worsen bloating']"
58,39,26.58,3,Low,8.0,High Sugar,2025-03-10 20:52:34.917269,39,6,2025-04-18 20:52:34.917269,Fatigue,3,2025,7.0,27.0,Bloating,40.625,5.75,9,4.84,Fatigue,74.5,2025-04-20 20:52:34.917269,"['Get adequate sleep', 'Stay hydrated', 'Eat regular balanced meals', 'Take adequate rest']"
59,30,21.02,1,Moderate,8.8,High Sugar,2023-05-29 20:52:34.917302,34,5,2023-07-02 20:52:34.917302,Cramps,5,2023,5.0,35.0,Cramps,35.0,5.0,2,5.275,Cramps,62.0,2023-07-03 20:52:34.917302,"['Use a warm compress', 'Stay hydrated', 'Take adequate rest', 'Try gentle movement']"
59,30,21.02,1,Moderate,8.8,High Sugar,2023-07-02 20:52:34.917302,34,7,2023-08-05 20:52:34.917302,Headache,7,2023,5.0,34.0,Cramps,34.5,5.0,3,6.01,Headache,64.5,2023-08-05 20:52:34.917302,"['Stay hydrated', 'Eat meals regularly', 'Get adequate sleep', 'Take breaks from prolonged screen use']"
59,30,21.02,1,Moderate,8.8,High Sugar,2023-08-05 20:52:34.917302,42,6,2023-09-16 20:52:34.917302,Headache,8,2023,7.0,34.0,Headache,34.333333333333336,5.666666666666667,4,5.1,Headache,30.0,2023-09-08 20:52:34.917302,"['Stay hydrated', 'Eat meals regularly', 'Get adequate sleep', 'Take breaks from prolonged screen use']"
59,30,21.02,1,Moderate,8.8,High Sugar,2023-09-16 20:52:34.917302,35,3,2023-10-21 20:52:34.917302,Fatigue,9,2023,6.0,42.0,Headache,36.25,5.75,5,3.83,Fatigue,60.5,2023-10-22 20:52:34.917302,"['Get adequate sleep', 'Stay hydrated', 'Eat regular balanced meals', 'Take adequate rest']"
59,30,21.02,1,Moderate,8.8,High Sugar,2023-10-21 20:52:34.917302,40,3,2023-11-30 20:52:34.917302,Headache,10,2023,3.0,35.0,Fatigue,36.0,5.2,6,3.96,Headache,70.0,2023-11-26 20:52:34.917302,"['Stay hydrated', 'Eat meals regularly', 'Get adequate sleep', 'Take breaks from prolonged screen use']"
59,30,21.02,1,Moderate,8.8,High Sugar,2023-11-30 20:52:34.917302,49,5,2024-01-18 20:52:34.917302,Mood Swings,11,2023,3.0,40.0,Headache,36.666666666666664,4.833333333333333,7,4.89,Mood Swings,65.5,2024-01-06 20:52:34.917302,"['Maintain adequate sleep', 'Eat regular balanced meals', 'Try gentle exercise', 'Practice relaxation and stress management']"
60,39,24.38,5,Moderate,7.5,High Sugar,2024-03-30 20:52:34.917338,48,5,2024-05-17 20:52:34.917338,Fatigue,3,2024,4.0,38.0,Headache,38.0,4.0,2,5.02,Fatigue,66.0,2024-05-07 20:52:34.917338,"['Get adequate sleep', 'Stay hydrated', 'Eat regular balanced meals', 'Take adequate rest']"
60,39,24.38,5,Moderate,7.5,High Sugar,2024-05-17 20:52:34.917338,36,5,2024-06-22 20:52:34.917338,Cramps,5,2024,5.0,48.0,Fatigue,43.0,4.5,3,4.825,Cramps,61.5,2024-06-29 20:52:34.917338,"['Use a warm compress', 'Stay hydrated', 'Take adequate rest', 'Try gentle movement']"
60,39,24.38,5,Moderate,7.5,High Sugar,2024-06-22 20:52:34.917338,25,5,2024-07-17 20:52:34.917338,Mood Swings,6,2024,5.0,36.0,Cramps,40.666666666666664,4.666666666666667,4,4.975,Mood Swings,71.0,2024-08-02 20:52:34.917338,"['Maintain adequate sleep', 'Eat regular balanced meals', 'Try gentle exercise', 'Practice relaxation and stress management']"
60,39,24.38,5,Moderate,7.5,High Sugar,2024-07-17 20:52:34.917338,33,3,2024-08-19 20:52:34.917338,Bloating,7,2024,5.0,25.0,Mood Swings,36.75,4.75,5,3.645,Cramps,28.999999999999996,2024-08-23 20:52:34.917338,"['Use a warm compress', 'Stay hydrated', 'Take adequate rest', 'Try gentle movement']"
60,39,24.38,5,Moderate,7.5,High Sugar,2024-08-19 20:52:34.917338,30,4,2024-09-18 20:52:34.917338,Mood Swings,8,2024,3.0,33.0,Bloating,36.0,4.4,6,4.31,Mood Swings,69.5,2024-09-24 20:52:34.917338,"['Maintain adequate sleep', 'Eat regular balanced meals', 'Try gentle exercise', 'Practice relaxation and stress management']"
60,39,24.38,5,Moderate,7.5,High Sugar,2024-09-18 20:52:34.917338,31,4,2024-10-19 20:52:34.917338,Cramps,9,2024,4.0,30.0,Mood Swings,35.0,4.333333333333333,7,4.175,Cramps,67.0,2024-10-23 20:52:34.917338,"['Use a warm compress', 'Stay hydrated', 'Take adequate rest', 'Try gentle movement']"
60,39,24.38,5,Moderate,7.5,High Sugar,2024-10-19 20:52:34.917338,44,6,2024-12-02 20:52:34.917338,Fatigue,10,2024,4.0,31.0,Cramps,34.42857142857143,4.285714285714286,8,4.77,Cramps,34.0,2024-11-22 20:52:34.917338,"['Use a warm compress', 'Stay hydrated', 'Take adequate rest', 'Try gentle movement']"
60,39,24.38,5,Moderate,7.5,High Sugar,2024-12-02 20:52:34.917338,33,4,2025-01-04 20:52:34.917338,Cramps,12,2024,6.0,44.0,Fatigue,35.625,4.5,9,4.48,Cramps,26.5,2025-01-07 20:52:34.917338,"['Use a warm compress', 'Stay hydrated', 'Take adequate rest', 'Try gentle movement']"
60,39,24.38,5,Moderate,7.5,High Sugar,2025-01-04 20:52:34.917338,42,5,2025-02-15 20:52:34.917338,Fatigue,1,2025,4.0,33.0,Cramps,35.333333333333336,4.444444444444445,10,4.965,Mood Swings,39.0,2025-02-08 20:52:34.917338,"['Maintain adequate sleep', 'Eat regular balanced meals', 'Try gentle exercise', 'Practice relaxation and stress management']"
61,33,23.15,1,Low,5.6,Vegetarian,2023-08-26 20:52:34.917371,32,7,2023-09-27 20:52:34.917371,Cramps,8,2023,3.0,25.0,Headache,25.0,3.0,2,6.535,Cramps,70.5,2023-09-20 20:52:34.917371,"['Use a warm compress', 'Stay hydrated', 'Take adequate rest', 'Try gentle movement']"
61,33,23.15,1,Low,5.6,Vegetarian,2023-09-27 20:52:34.917371,29,6,2023-10-26 20:52:34.917371,Cramps,9,2023,7.0,32.0,Cramps,28.5,5.0,3,5.365,Cramps,76.5,2023-10-25 20:52:34.917371,"['Use a warm compress', 'Stay hydrated', 'Take adequate rest', 'Try gentle movement']"
61,33,23.15,1,Low,5.6,Vegetarian,2023-10-26 20:52:34.917371,30,4,2023-11-25 20:52:34.917371,Fatigue,10,2023,6.0,29.0,Cramps,28.666666666666668,5.333333333333333,4,4.57,Fatigue,71.0,2023-11-24 20:52:34.917371,"['Get adequate sleep', 'Stay hydrated', 'Eat regular balanced meals', 'Take adequate rest']"
61,33,23.15,1,Low,5.6,Vegetarian,2023-11-25 20:52:34.917371,43,7,2024-01-07 20:52:34.917371,Bloating,11,2023,4.0,30.0,Fatigue,29.0,5.0,5,6.16,Bloating,66.0,2023-12-24 20:52:34.917371,"['Stay hydrated', 'Eat smaller balanced meals', 'Try gentle physical activity', 'Avoid foods that personally worsen bloating']"
61,33,23.15,1,Low,5.6,Vegetarian,2024-01-07 20:52:34.917371,49,5,2024-02-25 20:52:34.917371,Cramps,1,2024,7.0,43.0,Bloating,31.8,5.4,6,4.815,Cramps,75.0,2024-02-08 20:52:34.917371,"['Use a warm compress', 'Stay hydrated', 'Take adequate rest', 'Try gentle movement']"
62,40,20.16,4,High,5.2,Low Carb,2023-09-13 20:52:34.917581,46,5,2023-10-29 20:52:34.917581,Bloating,9,2023,6.0,36.0,Mood Swings,36.0,6.0,2,4.8,Bloating,66.5,2023-10-19 20:52:34.917581,"['Stay hydrated', 'Eat smaller balanced meals', 'Try gentle physical activity', 'Avoid foods that personally worsen bloating']"
62,40,20.16,4,High,5.2,Low Carb,2023-10-29 20:52:34.917581,25,4,2023-11-23 20:52:34.917581,Cramps,10,2023,5.0,46.0,Bloating,41.0,5.5,3,4.325,Cramps,72.5,2023-12-09 20:52:34.917581,"['Use a warm compress', 'Stay hydrated', 'Take adequate rest', 'Try gentle movement']"
62,40,20.16,4,High,5.2,Low Carb,2023-11-23 20:52:34.917581,28,4,2023-12-21 20:52:34.917581,Cramps,11,2023,4.0,25.0,Cramps,35.666666666666664,5.0,4,4.26,Cramps,83.0,2023-12-29 20:52:34.917581,"['Use a warm compress', 'Stay hydrated', 'Take adequate rest', 'Try gentle movement']"
62,40,20.16,4,High,5.2,Low Carb,2023-12-21 20:52:34.917581,37,5,2024-01-27 20:52:34.917581,Cramps,12,2023,4.0,28.0,Cramps,33.75,4.75,5,4.91,Cramps,66.5,2024-01-24 20:52:34.917581,"['Use a warm compress', 'Stay hydrated', 'Take adequate rest', 'Try gentle movement']"
62,40,20.16,4,High,5.2,Low Carb,2024-01-27 20:52:34.917581,35,7,2024-03-02 20:52:34.917581,Mood Swings,1,2024,5.0,37.0,Cramps,34.4,4.8,6,4.9,Mood Swings,74.0,2024-03-01 20:52:34.917581,"['Maintain adequate sleep', 'Eat regular balanced meals', 'Try gentle exercise', 'Practice relaxation and stress management']"
62,40,20.16,4,High,5.2,Low Carb,2024-03-02 20:52:34.917581,37,4,2024-04-08 20:52:34.917581,Fatigue,3,2024,7.0,35.0,Mood Swings,34.5,5.166666666666667,7,4.13,Fatigue,67.5,2024-04-05 20:52:34.917581,"['Get adequate sleep', 'Stay hydrated', 'Eat regular balanced meals', 'Take adequate rest']"
63,21,23.94,3,Moderate,7.7,Balanced,2024-11-16 20:52:34.917638,29,7,2024-12-15 20:52:34.917638,Cramps,11,2024,4.0,49.0,Headache,49.0,4.0,2,6.32,Cramps,74.0,2025-01-04 20:52:34.917638,"['Use a warm compress', 'Stay hydrated', 'Take adequate rest', 'Try gentle movement']"
63,21,23.94,3,Moderate,7.7,Balanced,2024-12-15 20:52:34.917638,25,7,2025-01-09 20:52:34.917638,Cramps,12,2024,7.0,29.0,Cramps,39.0,5.5,3,6.34,Cramps,68.5,2025-01-23 20:52:34.917638,"['Use a warm compress', 'Stay hydrated', 'Take adequate rest', 'Try gentle movement']"
63,21,23.94,3,Moderate,7.7,Balanced,2025-01-09 20:52:34.917638,46,4,2025-02-24 20:52:34.917638,Cramps,1,2025,7.0,25.0,Cramps,34.333333333333336,6.0,4,4.295,Cramps,36.0,2025-02-12 20:52:34.917638,"['Use a warm compress', 'Stay hydrated', 'Take adequate rest', 'Try gentle movement']"
63,21,23.94,3,Moderate,7.7,Balanced,2025-02-24 20:52:34.917638,46,7,2025-04-11 20:52:34.917638,Fatigue,2,2025,4.0,46.0,Cramps,37.25,5.5,5,6.295,Fatigue,72.5,2025-04-02 20:52:34.917638,"['Get adequate sleep', 'Stay hydrated', 'Eat regular balanced meals', 'Take adequate rest']"
63,21,23.94,3,Moderate,7.7,Balanced,2025-04-11 20:52:34.917638,47,6,2025-05-28 20:52:34.917638,Fatigue,4,2025,7.0,46.0,Fatigue,39.0,5.8,6,5.47,Fatigue,70.5,2025-05-20 20:52:34.917638,"['Get adequate sleep', 'Stay hydrated', 'Eat regular balanced meals', 'Take adequate rest']"
63,21,23.94,3,Moderate,7.7,Balanced,2025-05-28 20:52:34.917638,29,5,2025-06-26 20:52:34.917638,Bloating,5,2025,6.0,47.0,Fatigue,40.333333333333336,5.833333333333333,7,5.055,Bloating,70.5,2025-07-07 20:52:34.917638,"['Stay hydrated', 'Eat smaller balanced meals', 'Try gentle physical activity', 'Avoid foods that personally worsen bloating']"
63,21,23.94,3,Moderate,7.7,Balanced,2025-06-26 20:52:34.917638,27,4,2025-07-23 20:52:34.917638,Headache,6,2025,5.0,29.0,Bloating,38.714285714285715,5.714285714285714,8,4.39,Headache,74.5,2025-08-04 20:52:34.917638,"['Stay hydrated', 'Eat meals regularly', 'Get adequate sleep', 'Take breaks from prolonged screen use']"
63,21,23.94,3,Moderate,7.7,Balanced,2025-07-23 20:52:34.917638,31,5,2025-08-23 20:52:34.917638,Headache,7,2025,4.0,27.0,Headache,37.25,5.5,9,4.925,Headache,75.0,2025-08-29 20:52:34.917638,"['Stay hydrated', 'Eat meals regularly', 'Get adequate sleep', 'Take breaks from prolonged screen use']"
63,21,23.94,3,Moderate,7.7,Balanced,2025-08-23 20:52:34.917638,48,4,2025-10-10 20:52:34.917638,Cramps,8,2025,5.0,31.0,Headache,36.55555555555556,5.444444444444445,10,4.525,Headache,48.0,2025-09-29 20:52:34.917638,"['Stay hydrated', 'Eat meals regularly', 'Get adequate sleep', 'Take breaks from prolonged screen use']"
64,22,24.1,2,High,7.2,Low Carb,2024-06-22 20:52:34.917676,42,4,2024-08-03 20:52:34.917676,Headache,6,2024,3.0,28.0,Mood Swings,28.0,3.0,2,4.475,Headache,74.5,2024-07-20 20:52:34.917676,"['Stay hydrated', 'Eat meals regularly', 'Get adequate sleep', 'Take breaks from prolonged screen use']"
64,22,24.1,2,High,7.2,Low Carb,2024-08-03 20:52:34.917676,39,7,2024-09-11 20:52:34.917676,Bloating,8,2024,4.0,42.0,Headache,35.0,3.5,3,6.46,Bloating,70.5,2024-09-07 20:52:34.917676,"['Stay hydrated', 'Eat smaller balanced meals', 'Try gentle physical activity', 'Avoid foods that personally worsen bloating']"
64,22,24.1,2,High,7.2,Low Carb,2024-09-11 20:52:34.917676,49,7,2024-10-30 20:52:34.917676,Headache,9,2024,7.0,39.0,Bloating,36.333333333333336,4.666666666666667,4,5.775,Headache,70.5,2024-10-17 20:52:34.917676,"['Stay hydrated', 'Eat meals regularly', 'Get adequate sleep', 'Take breaks from prolonged screen use']"
64,22,24.1,2,High,7.2,Low Carb,2024-10-30 20:52:34.917676,40,5,2024-12-09 20:52:34.917676,Cramps,10,2024,7.0,49.0,Headache,39.5,5.25,5,4.63,Cramps,24.5,2024-12-09 20:52:34.917676,"['Use a warm compress', 'Stay hydrated', 'Take adequate rest', 'Try gentle movement']"
64,22,24.1,2,High,7.2,Low Carb,2024-12-09 20:52:34.917676,42,3,2025-01-20 20:52:34.917676,Mood Swings,12,2024,5.0,40.0,Cramps,39.6,5.2,6,3.92,Headache,27.0,2025-01-18 20:52:34.917676,"['Stay hydrated', 'Eat meals regularly', 'Get adequate sleep', 'Take breaks from prolonged screen use']"
64,22,24.1,2,High,7.2,Low Carb,2025-01-20 20:52:34.917676,25,5,2025-02-14 20:52:34.917676,Fatigue,1,2025,3.0,42.0,Mood Swings,40.0,4.833333333333333,7,4.9,Bloating,26.5,2025-03-01 20:52:34.917676,"['Stay hydrated', 'Eat smaller balanced meals', 'Try gentle physical activity', 'Avoid foods that personally worsen bloating']"
65,41,29.09,4,Moderate,5.9,Vegetarian,2024-08-18 20:52:34.917707,25,5,2024-09-12 20:52:34.917707,Bloating,8,2024,7.0,39.0,Bloating,39.0,7.0,2,5.09,Fatigue,27.500000000000004,2024-09-26 20:52:34.917707,"['Get adequate sleep', 'Stay hydrated', 'Eat regular balanced meals', 'Take adequate rest']"
65,41,29.09,4,Moderate,5.9,Vegetarian,2024-09-12 20:52:34.917707,31,6,2024-10-13 20:52:34.917707,Bloating,9,2024,5.0,25.0,Bloating,32.0,6.0,3,5.67,Bloating,66.0,2024-10-14 20:52:34.917707,"['Stay hydrated', 'Eat smaller balanced meals', 'Try gentle physical activity', 'Avoid foods that personally worsen bloating']"
65,41,29.09,4,Moderate,5.9,Vegetarian,2024-10-13 20:52:34.917707,36,5,2024-11-18 20:52:34.917707,Fatigue,10,2024,6.0,31.0,Bloating,31.666666666666668,6.0,4,5.02,Fatigue,72.0,2024-11-14 20:52:34.917707,"['Get adequate sleep', 'Stay hydrated', 'Eat regular balanced meals', 'Take adequate rest']"
65,41,29.09,4,Moderate,5.9,Vegetarian,2024-11-18 20:52:34.917707,39,4,2024-12-27 20:52:34.917707,Fatigue,11,2024,5.0,36.0,Fatigue,32.75,5.75,5,4.38,Fatigue,69.0,2024-12-21 20:52:34.917707,"['Get adequate sleep', 'Stay hydrated', 'Eat regular balanced meals', 'Take adequate rest']"
65,41,29.09,4,Moderate,5.9,Vegetarian,2024-12-27 20:52:34.917707,33,7,2025-01-29 20:52:34.917707,Bloating,12,2024,4.0,39.0,Fatigue,34.0,5.4,6,4.92,Bloating,67.0,2025-01-30 20:52:34.917707,"['Stay hydrated', 'Eat smaller balanced meals', 'Try gentle physical activity', 'Avoid foods that personally worsen bloating']"
65,41,29.09,4,Moderate,5.9,Vegetarian,2025-01-29 20:52:34.917707,37,4,2025-03-07 20:52:34.917707,Cramps,1,2025,7.0,33.0,Bloating,33.833333333333336,5.666666666666667,7,4.255,Cramps,65.5,2025-03-04 20:52:34.917707,"['Use a warm compress', 'Stay hydrated', 'Take adequate rest', 'Try gentle movement']"
65,41,29.09,4,Moderate,5.9,Vegetarian,2025-03-07 20:52:34.917707,27,6,2025-04-03 20:52:34.917707,Headache,3,2025,4.0,37.0,Cramps,34.285714285714285,5.428571428571429,8,5.555,Headache,68.5,2025-04-10 20:52:34.917707,"['Stay hydrated', 'Eat meals regularly', 'Get adequate sleep', 'Take breaks from prolonged screen use']"
66,20,28.42,2,Moderate,5.4,Vegetarian,2023-09-10 20:52:34.917734,35,7,2023-10-15 20:52:34.917734,Fatigue,9,2023,7.0,40.0,Fatigue,40.0,7.0,2,6.225,Fatigue,71.5,2023-10-20 20:52:34.917734,"['Get adequate sleep', 'Stay hydrated', 'Eat regular balanced meals', 'Take adequate rest']"
66,20,28.42,2,Moderate,5.4,Vegetarian,2023-10-15 20:52:34.917734,42,7,2023-11-26 20:52:34.917734,Cramps,10,2023,7.0,35.0,Fatigue,37.5,7.0,3,6.26,Cramps,76.5,2023-11-22 20:52:34.917734,"['Use a warm compress', 'Stay hydrated', 'Take adequate rest', 'Try gentle movement']"
66,20,28.42,2,Moderate,5.4,Vegetarian,2023-11-26 20:52:34.917734,25,3,2023-12-21 20:52:34.917734,Headache,11,2023,7.0,42.0,Cramps,39.0,7.0,4,3.71,Fatigue,29.5,2024-01-04 20:52:34.917734,"['Get adequate sleep', 'Stay hydrated', 'Eat regular balanced meals', 'Take adequate rest']"
66,20,28.42,2,Moderate,5.4,Vegetarian,2023-12-21 20:52:34.917734,32,7,2024-01-22 20:52:34.917734,Cramps,12,2023,3.0,25.0,Headache,35.5,6.0,5,4.695,Mood Swings,42.0,2024-01-26 20:52:34.917734,"['Maintain adequate sleep', 'Eat regular balanced meals', 'Try gentle exercise', 'Practice relaxation and stress management']"
66,20,28.42,2,Moderate,5.4,Vegetarian,2024-01-22 20:52:34.917734,49,4,2024-03-11 20:52:34.917734,Mood Swings,1,2024,7.0,32.0,Cramps,34.8,6.2,6,4.375,Mood Swings,65.5,2024-02-26 20:52:34.917734,"['Maintain adequate sleep', 'Eat regular balanced meals', 'Try gentle exercise', 'Practice relaxation and stress management']"
66,20,28.42,2,Moderate,5.4,Vegetarian,2024-03-11 20:52:34.917734,42,3,2024-04-22 20:52:34.917734,Mood Swings,3,2024,4.0,49.0,Mood Swings,37.166666666666664,5.833333333333333,7,3.81,Mood Swings,35.0,2024-04-17 20:52:34.917734,"['Maintain adequate sleep', 'Eat regular balanced meals', 'Try gentle exercise', 'Practice relaxation and stress management']"
66,20,28.42,2,Moderate,5.4,Vegetarian,2024-04-22 20:52:34.917734,44,7,2024-06-05 20:52:34.917734,Mood Swings,4,2024,3.0,42.0,Mood Swings,37.857142857142854,5.428571428571429,8,5.805,Mood Swings,69.0,2024-05-30 20:52:34.917734,"['Maintain adequate sleep', 'Eat regular balanced meals', 'Try gentle exercise', 'Practice relaxation and stress management']"
66,20,28.42,2,Moderate,5.4,Vegetarian,2024-06-05 20:52:34.917734,45,3,2024-07-20 20:52:34.917734,Bloating,6,2024,7.0,44.0,Mood Swings,38.625,5.625,9,3.535,Bloating,66.5,2024-07-14 20:52:34.917734,"['Stay hydrated', 'Eat smaller balanced meals', 'Try gentle physical activity', 'Avoid foods that personally worsen bloating']"
66,20,28.42,2,Moderate,5.4,Vegetarian,2024-07-20 20:52:34.917734,40,3,2024-08-29 20:52:34.917734,Fatigue,7,2024,3.0,45.0,Bloating,39.333333333333336,5.333333333333333,10,5.01,Fatigue,70.5,2024-08-28 20:52:34.917734,"['Get adequate sleep', 'Stay hydrated', 'Eat regular balanced meals', 'Take adequate rest']"
66,20,28.42,2,Moderate,5.4,Vegetarian,2024-08-29 20:52:34.917734,32,7,2024-09-30 20:52:34.917734,Cramps,8,2024,3.0,40.0,Fatigue,39.4,5.1,11,5.075,Cramps,67.0,2024-10-07 20:52:34.917734,"['Use a warm compress', 'Stay hydrated', 'Take adequate rest', 'Try gentle movement']"
67,25,20.02,2,Moderate,8.7,Balanced,2024-07-27 20:52:34.917777,36,4,2024-09-01 20:52:34.917777,Bloating,7,2024,5.0,44.0,Mood Swings,44.0,5.0,2,4.475,Bloating,61.5,2024-09-09 20:52:34.917777,"['Stay hydrated', 'Eat smaller balanced meals', 'Try gentle physical activity', 'Avoid foods that personally worsen bloating']"
67,25,20.02,2,Moderate,8.7,Balanced,2024-09-01 20:52:34.917777,28,7,2024-09-29 20:52:34.917777,Mood Swings,9,2024,4.0,36.0,Bloating,40.0,4.5,3,6.27,Mood Swings,70.5,2024-10-11 20:52:34.917777,"['Maintain adequate sleep', 'Eat regular balanced meals', 'Try gentle exercise', 'Practice relaxation and stress management']"
67,25,20.02,2,Moderate,8.7,Balanced,2024-09-29 20:52:34.917777,41,5,2024-11-09 20:52:34.917777,Cramps,9,2024,7.0,28.0,Mood Swings,36.0,5.333333333333333,4,4.835,Cramps,73.0,2024-11-04 20:52:34.917777,"['Use a warm compress', 'Stay hydrated', 'Take adequate rest', 'Try gentle movement']"
67,25,20.02,2,Moderate,8.7,Balanced,2024-11-09 20:52:34.917777,33,7,2024-12-12 20:52:34.917777,Fatigue,11,2024,5.0,41.0,Cramps,37.25,5.25,5,6.24,Fatigue,65.0,2024-12-16 20:52:34.917777,"['Get adequate sleep', 'Stay hydrated', 'Eat regular balanced meals', 'Take adequate rest']"
67,25,20.02,2,Moderate,8.7,Balanced,2024-12-12 20:52:34.917777,26,4,2025-01-07 20:52:34.917777,Headache,12,2024,7.0,33.0,Fatigue,36.4,5.6,6,4.345,Headache,72.0,2025-01-17 20:52:34.917777,"['Stay hydrated', 'Eat meals regularly', 'Get adequate sleep', 'Take breaks from prolonged screen use']"
68,44,20.0,4,High,8.9,Balanced,2024-12-16 20:52:34.917799,34,7,2025-01-19 20:52:34.917799,Bloating,12,2024,5.0,36.0,Bloating,36.0,5.0,2,5.885,Bloating,72.0,2025-01-21 20:52:34.917799,"['Stay hydrated', 'Eat smaller balanced meals', 'Try gentle physical activity', 'Avoid foods that personally worsen bloating']"
68,44,20.0,4,High,8.9,Balanced,2025-01-19 20:52:34.917799,27,7,2025-02-15 20:52:34.917799,Bloating,1,2025,7.0,34.0,Bloating,35.0,6.0,3,5.215,Bloating,76.5,2025-02-23 20:52:34.917799,"['Stay hydrated', 'Eat smaller balanced meals', 'Try gentle physical activity', 'Avoid foods that personally worsen bloating']"
68,44,20.0,4,High,8.9,Balanced,2025-02-15 20:52:34.917799,30,7,2025-03-17 20:52:34.917799,Fatigue,2,2025,7.0,27.0,Bloating,32.333333333333336,6.333333333333333,4,4.61,Fatigue,67.5,2025-03-19 20:52:34.917799,"['Get adequate sleep', 'Stay hydrated', 'Eat regular balanced meals', 'Take adequate rest']"
68,44,20.0,4,High,8.9,Balanced,2025-03-17 20:52:34.917799,25,5,2025-04-11 20:52:34.917799,Fatigue,3,2025,7.0,30.0,Fatigue,31.75,6.5,5,4.335,Fatigue,74.0,2025-04-18 20:52:34.917799,"['Get adequate sleep', 'Stay hydrated', 'Eat regular balanced meals', 'Take adequate rest']"
68,44,20.0,4,High,8.9,Balanced,2025-04-11 20:52:34.917799,32,3,2025-05-13 20:52:34.917799,Headache,4,2025,5.0,25.0,Fatigue,30.4,6.2,6,4.295,Headache,66.0,2025-05-11 20:52:34.917799,"['Stay hydrated', 'Eat meals regularly', 'Get adequate sleep', 'Take breaks from prolonged screen use']"
68,44,20.0,4,High,8.9,Balanced,2025-05-13 20:52:34.917799,41,3,2025-06-23 20:52:34.917799,Headache,5,2025,3.0,32.0,Headache,30.666666666666668,5.666666666666667,7,4.07,Fatigue,45.0,2025-06-13 20:52:34.917799,"['Get adequate sleep', 'Stay hydrated', 'Eat regular balanced meals', 'Take adequate rest']"
68,44,20.0,4,High,8.9,Balanced,2025-06-23 20:52:34.917799,30,7,2025-07-23 20:52:34.917799,Fatigue,6,2025,3.0,41.0,Headache,32.142857142857146,5.285714285714286,8,5.875,Fatigue,72.0,2025-07-25 20:52:34.917799,"['Get adequate sleep', 'Stay hydrated', 'Eat regular balanced meals', 'Take adequate rest']"
68,44,20.0,4,High,8.9,Balanced,2025-07-23 20:52:34.917799,45,3,2025-09-06 20:52:34.917799,Bloating,7,2025,7.0,30.0,Fatigue,31.875,5.5,9,3.88,Bloating,65.0,2025-08-24 20:52:34.917799,"['Stay hydrated', 'Eat smaller balanced meals', 'Try gentle physical activity', 'Avoid foods that personally worsen bloating']"
69,31,21.93,1,Low,8.8,Balanced,2024-12-29 20:52:34.917835,39,3,2025-02-06 20:52:34.917835,Fatigue,12,2024,3.0,38.0,Bloating,38.0,3.0,2,4.13,Fatigue,65.0,2025-02-05 20:52:34.917835,"['Get adequate sleep', 'Stay hydrated', 'Eat regular balanced meals', 'Take adequate rest']"
69,31,21.93,1,Low,8.8,Balanced,2025-02-06 20:52:34.917835,36,6,2025-03-14 20:52:34.917835,Mood Swings,2,2025,3.0,39.0,Fatigue,38.5,3.0,3,5.54,Mood Swings,66.0,2025-03-16 20:52:34.917835,"['Maintain adequate sleep', 'Eat regular balanced meals', 'Try gentle exercise', 'Practice relaxation and stress management']"
69,31,21.93,1,Low,8.8,Balanced,2025-03-14 20:52:34.917835,39,6,2025-04-22 20:52:34.917835,Cramps,3,2025,6.0,36.0,Mood Swings,37.666666666666664,4.0,4,5.59,Cramps,67.5,2025-04-21 20:52:34.917835,"['Use a warm compress', 'Stay hydrated', 'Take adequate rest', 'Try gentle movement']"
69,31,21.93,1,Low,8.8,Balanced,2025-04-22 20:52:34.917835,47,5,2025-06-08 20:52:34.917835,Headache,4,2025,6.0,39.0,Cramps,38.0,4.5,5,5.295,Headache,71.5,2025-05-30 20:52:34.917835,"['Stay hydrated', 'Eat meals regularly', 'Get adequate sleep', 'Take breaks from prolonged screen use']"
69,31,21.93,1,Low,8.8,Balanced,2025-06-08 20:52:34.917835,30,5,2025-07-08 20:52:34.917835,Fatigue,6,2025,5.0,47.0,Headache,39.8,4.6,6,4.93,Mood Swings,27.500000000000004,2025-07-18 20:52:34.917835,"['Maintain adequate sleep', 'Eat regular balanced meals', 'Try gentle exercise', 'Practice relaxation and stress management']"
69,31,21.93,1,Low,8.8,Balanced,2025-07-08 20:52:34.917835,37,3,2025-08-14 20:52:34.917835,Headache,7,2025,5.0,30.0,Fatigue,38.166666666666664,4.666666666666667,7,5.045,Headache,29.5,2025-08-15 20:52:34.917835,"['Stay hydrated', 'Eat meals regularly', 'Get adequate sleep', 'Take breaks from prolonged screen use']"
70,34,28.77,4,Moderate,8.2,Vegetarian,2025-04-16 20:52:34.917872,35,5,2025-05-21 20:52:34.917872,Headache,4,2025,6.0,49.0,Headache,49.0,6.0,2,4.49,Headache,72.5,2025-06-04 20:52:34.917872,"['Stay hydrated', 'Eat meals regularly', 'Get adequate sleep', 'Take breaks from prolonged screen use']"
70,34,28.77,4,Moderate,8.2,Vegetarian,2025-05-21 20:52:34.917872,41,5,2025-07-01 20:52:34.917872,Mood Swings,5,2025,5.0,35.0,Headache,42.0,5.5,3,4.84,Mood Swings,67.0,2025-07-02 20:52:34.917872,"['Maintain adequate sleep', 'Eat regular balanced meals', 'Try gentle exercise', 'Practice relaxation and stress management']"
70,34,28.77,4,Moderate,8.2,Vegetarian,2025-07-01 20:52:34.917872,39,5,2025-08-09 20:52:34.917872,Fatigue,7,2025,5.0,41.0,Mood Swings,41.666666666666664,5.333333333333333,4,4.7,Mood Swings,38.0,2025-08-12 20:52:34.917872,"['Maintain adequate sleep', 'Eat regular balanced meals', 'Try gentle exercise', 'Practice relaxation and stress management']"
70,34,28.77,4,Moderate,8.2,Vegetarian,2025-08-09 20:52:34.917872,25,3,2025-09-03 20:52:34.917872,Mood Swings,8,2025,5.0,39.0,Fatigue,41.0,5.25,5,3.775,Mood Swings,75.5,2025-09-19 20:52:34.917872,"['Maintain adequate sleep', 'Eat regular balanced meals', 'Try gentle exercise', 'Practice relaxation and stress management']"
70,34,28.77,4,Moderate,8.2,Vegetarian,2025-09-03 20:52:34.917872,45,3,2025-10-18 20:52:34.917872,Headache,9,2025,3.0,25.0,Mood Swings,37.8,4.8,6,4.605,Headache,71.5,2025-10-11 20:52:34.917872,"['Stay hydrated', 'Eat meals regularly', 'Get adequate sleep', 'Take breaks from prolonged screen use']"
70,34,28.77,4,Moderate,8.2,Vegetarian,2025-10-18 20:52:34.917872,29,5,2025-11-16 20:52:34.917872,Bloating,10,2025,3.0,45.0,Headache,39.0,4.5,7,4.85,Headache,31.0,2025-11-26 20:52:34.917872,"['Stay hydrated', 'Eat meals regularly', 'Get adequate sleep', 'Take breaks from prolonged screen use']"
70,34,28.77,4,Moderate,8.2,Vegetarian,2025-11-16 20:52:34.917872,28,4,2025-12-14 20:52:34.917872,Fatigue,11,2025,5.0,29.0,Bloating,37.57142857142857,4.571428571428571,8,4.44,Fatigue,74.0,2025-12-24 20:52:34.917872,"['Get adequate sleep', 'Stay hydrated', 'Eat regular balanced meals', 'Take adequate rest']"
70,34,28.77,4,Moderate,8.2,Vegetarian,2025-12-14 20:52:34.917872,39,6,2026-01-22 20:52:34.917872,Fatigue,12,2025,4.0,28.0,Fatigue,36.375,4.5,9,5.575,Fatigue,74.5,2026-01-19 20:52:34.917872,"['Get adequate sleep', 'Stay hydrated', 'Eat regular balanced meals', 'Take adequate rest']"
70,34,28.77,4,Moderate,8.2,Vegetarian,2026-01-22 20:52:34.917872,40,6,2026-03-03 20:52:34.917872,Headache,1,2026,6.0,39.0,Fatigue,36.666666666666664,4.666666666666667,10,5.55,Headache,69.0,2026-02-28 20:52:34.917872,"['Stay hydrated', 'Eat meals regularly', 'Get adequate sleep', 'Take breaks from prolonged screen use']"
70,34,28.77,4,Moderate,8.2,Vegetarian,2026-03-03 20:52:34.917872,40,6,2026-04-12 20:52:34.917872,Bloating,3,2026,6.0,40.0,Headache,37.0,4.8,11,5.48,Headache,35.5,2026-04-09 20:52:34.917872,"['Stay hydrated', 'Eat meals regularly', 'Get adequate sleep', 'Take breaks from prolonged screen use']"
71,34,23.23,5,High,6.2,Vegetarian,2023-11-17 20:52:34.917910,35,3,2023-12-22 20:52:34.917910,Mood Swings,11,2023,5.0,48.0,Fatigue,48.0,5.0,2,3.73,Mood Swings,63.5,2024-01-04 20:52:34.917910,"['Maintain adequate sleep', 'Eat regular balanced meals', 'Try gentle exercise', 'Practice relaxation and stress management']"
71,34,23.23,5,High,6.2,Vegetarian,2023-12-22 20:52:34.917910,27,7,2024-01-18 20:52:34.917910,Cramps,12,2023,3.0,35.0,Mood Swings,41.5,4.0,3,5.32,Cramps,68.0,2024-02-02 20:52:34.917910,"['Use a warm compress', 'Stay hydrated', 'Take adequate rest', 'Try gentle movement']"
71,34,23.23,5,High,6.2,Vegetarian,2024-01-18 20:52:34.917910,42,5,2024-02-29 20:52:34.917910,Mood Swings,1,2024,7.0,27.0,Cramps,36.666666666666664,5.0,4,4.79,Mood Swings,67.0,2024-02-24 20:52:34.917910,"['Maintain adequate sleep', 'Eat regular balanced meals', 'Try gentle exercise', 'Practice relaxation and stress management']"
71,34,23.23,5,High,6.2,Vegetarian,2024-02-29 20:52:34.917910,50,5,2024-04-19 20:52:34.917910,Fatigue,2,2024,5.0,42.0,Mood Swings,38.0,5.0,5,4.835,Fatigue,68.5,2024-04-07 20:52:34.917910,"['Get adequate sleep', 'Stay hydrated', 'Eat regular balanced meals', 'Take adequate rest']"
71,34,23.23,5,High,6.2,Vegetarian,2024-04-19 20:52:34.917910,45,4,2024-06-03 20:52:34.917910,Bloating,4,2024,5.0,50.0,Fatigue,40.4,5.0,6,4.185,Bloating,70.0,2024-05-29 20:52:34.917910,"['Stay hydrated', 'Eat smaller balanced meals', 'Try gentle physical activity', 'Avoid foods that personally worsen bloating']"
71,34,23.23,5,High,6.2,Vegetarian,2024-06-03 20:52:34.917910,47,3,2024-07-20 20:52:34.917910,Headache,6,2024,4.0,45.0,Bloating,41.166666666666664,4.833333333333333,7,3.875,Bloating,28.000000000000004,2024-07-14 20:52:34.917910,"['Stay hydrated', 'Eat smaller balanced meals', 'Try gentle physical activity', 'Avoid foods that personally worsen bloating']"
72,38,23.97,3,High,5.4,Balanced,2023-10-04 20:52:34.917943,37,3,2023-11-10 20:52:34.917943,Mood Swings,10,2023,5.0,34.0,Mood Swings,34.0,5.0,2,3.83,Bloating,31.5,2023-11-07 20:52:34.917943,"['Stay hydrated', 'Eat smaller balanced meals', 'Try gentle physical activity', 'Avoid foods that personally worsen bloating']"
72,38,23.97,3,High,5.4,Balanced,2023-11-10 20:52:34.917943,40,4,2023-12-20 20:52:34.917943,Bloating,11,2023,3.0,37.0,Mood Swings,35.5,4.0,3,4.625,Bloating,72.5,2023-12-16 20:52:34.917943,"['Stay hydrated', 'Eat smaller balanced meals', 'Try gentle physical activity', 'Avoid foods that personally worsen bloating']"
72,38,23.97,3,High,5.4,Balanced,2023-12-20 20:52:34.917943,35,6,2024-01-24 20:52:34.917943,Cramps,12,2023,4.0,40.0,Bloating,37.0,4.0,4,5.77,Cramps,65.0,2024-01-26 20:52:34.917943,"['Use a warm compress', 'Stay hydrated', 'Take adequate rest', 'Try gentle movement']"
72,38,23.97,3,High,5.4,Balanced,2024-01-24 20:52:34.917943,50,6,2024-03-14 20:52:34.917943,Mood Swings,1,2024,6.0,35.0,Cramps,36.5,4.5,5,5.78,Cramps,29.5,2024-02-29 20:52:34.917943,"['Use a warm compress', 'Stay hydrated', 'Take adequate rest', 'Try gentle movement']"
72,38,23.97,3,High,5.4,Balanced,2024-03-14 20:52:34.917943,26,7,2024-04-09 20:52:34.917943,Cramps,3,2024,6.0,50.0,Mood Swings,39.2,4.8,6,6.18,Cramps,75.5,2024-04-22 20:52:34.917943,"['Use a warm compress', 'Stay hydrated', 'Take adequate rest', 'Try gentle movement']"
73,45,27.1,1,Moderate,8.7,Vegetarian,2023-12-07 20:52:34.917969,35,5,2024-01-11 20:52:34.917969,Cramps,12,2023,4.0,27.0,Headache,27.0,4.0,2,4.87,Cramps,82.0,2024-01-03 20:52:34.917969,"['Use a warm compress', 'Stay hydrated', 'Take adequate rest', 'Try gentle movement']"
73,45,27.1,1,Moderate,8.7,Vegetarian,2024-01-11 20:52:34.917969,40,5,2024-02-20 20:52:34.917969,Mood Swings,1,2024,5.0,35.0,Cramps,31.0,4.5,3,5.09,Cramps,39.0,2024-02-11 20:52:34.917969,"['Use a warm compress', 'Stay hydrated', 'Take adequate rest', 'Try gentle movement']"
73,45,27.1,1,Moderate,8.7,Vegetarian,2024-02-20 20:52:34.917969,32,5,2024-03-23 20:52:34.917969,Mood Swings,2,2024,5.0,40.0,Mood Swings,34.0,4.666666666666667,4,4.945,Mood Swings,68.0,2024-03-25 20:52:34.917969,"['Maintain adequate sleep', 'Eat regular balanced meals', 'Try gentle exercise', 'Practice relaxation and stress management']"
73,45,27.1,1,Moderate,8.7,Vegetarian,2024-03-23 20:52:34.917969,42,3,2024-05-04 20:52:34.917969,Headache,3,2024,5.0,32.0,Mood Swings,33.5,4.75,5,5.085,Headache,71.0,2024-04-26 20:52:34.917969,"['Stay hydrated', 'Eat meals regularly', 'Get adequate sleep', 'Take breaks from prolonged screen use']"
73,45,27.1,1,Moderate,8.7,Vegetarian,2024-05-04 20:52:34.917969,27,6,2024-05-31 20:52:34.917969,Cramps,5,2024,3.0,42.0,Headache,35.2,4.4,6,4.69,Cramps,77.5,2024-06-08 20:52:34.917969,"['Use a warm compress', 'Stay hydrated', 'Take adequate rest', 'Try gentle movement']"
73,45,27.1,1,Moderate,8.7,Vegetarian,2024-05-31 20:52:34.917969,31,5,2024-07-01 20:52:34.917969,Headache,5,2024,6.0,27.0,Cramps,33.833333333333336,4.666666666666667,7,4.98,Headache,74.0,2024-07-04 20:52:34.917969,"['Stay hydrated', 'Eat meals regularly', 'Get adequate sleep', 'Take breaks from prolonged screen use']"
73,45,27.1,1,Moderate,8.7,Vegetarian,2024-07-01 20:52:34.917969,31,6,2024-08-01 20:52:34.917969,Cramps,7,2024,5.0,31.0,Headache,33.42857142857143,4.714285714285714,8,5.61,Cramps,78.0,2024-08-03 20:52:34.917969,"['Use a warm compress', 'Stay hydrated', 'Take adequate rest', 'Try gentle movement']"
73,45,27.1,1,Moderate,8.7,Vegetarian,2024-08-01 20:52:34.917969,34,6,2024-09-04 20:52:34.917969,Cramps,8,2024,6.0,31.0,Cramps,33.125,4.875,9,5.58,Cramps,75.0,2024-09-03 20:52:34.917969,"['Use a warm compress', 'Stay hydrated', 'Take adequate rest', 'Try gentle movement']"
74,34,25.42,4,High,8.8,Vegetarian,2024-07-09 20:52:34.918002,45,6,2024-08-23 20:52:34.918002,Headache,7,2024,6.0,50.0,Bloating,50.0,6.0,2,5.13,Headache,67.0,2024-08-28 20:52:34.918002,"['Stay hydrated', 'Eat meals regularly', 'Get adequate sleep', 'Take breaks from prolonged screen use']"
74,34,25.42,4,High,8.8,Vegetarian,2024-08-23 20:52:34.918002,27,3,2024-09-19 20:52:34.918002,Fatigue,8,2024,6.0,45.0,Headache,47.5,6.0,3,3.74,Fatigue,69.5,2024-10-10 20:52:34.918002,"['Get adequate sleep', 'Stay hydrated', 'Eat regular balanced meals', 'Take adequate rest']"
74,34,25.42,4,High,8.8,Vegetarian,2024-09-19 20:52:34.918002,32,4,2024-10-21 20:52:34.918002,Mood Swings,9,2024,3.0,27.0,Fatigue,40.666666666666664,5.0,4,4.355,Mood Swings,75.0,2024-10-30 20:52:34.918002,"['Maintain adequate sleep', 'Eat regular balanced meals', 'Try gentle exercise', 'Practice relaxation and stress management']"
74,34,25.42,4,High,8.8,Vegetarian,2024-10-21 20:52:34.918002,26,7,2024-11-16 20:52:34.918002,Mood Swings,10,2024,4.0,32.0,Mood Swings,38.5,4.75,5,6.0,Mood Swings,68.0,2024-11-28 20:52:34.918002,"['Maintain adequate sleep', 'Eat regular balanced meals', 'Try gentle exercise', 'Practice relaxation and stress management']"
74,34,25.42,4,High,8.8,Vegetarian,2024-11-16 20:52:34.918002,50,5,2025-01-05 20:52:34.918002,Headache,11,2024,7.0,26.0,Mood Swings,36.0,5.2,6,4.475,Headache,63.5,2024-12-22 20:52:34.918002,"['Stay hydrated', 'Eat meals regularly', 'Get adequate sleep', 'Take breaks from prolonged screen use']"
74,34,25.42,4,High,8.8,Vegetarian,2025-01-05 20:52:34.918002,34,4,2025-02-08 20:52:34.918002,Fatigue,1,2025,5.0,50.0,Headache,38.333333333333336,5.166666666666667,7,4.505,Fatigue,76.5,2025-02-12 20:52:34.918002,"['Get adequate sleep', 'Stay hydrated', 'Eat regular balanced meals', 'Take adequate rest']"
74,34,25.42,4,High,8.8,Vegetarian,2025-02-08 20:52:34.918002,42,7,2025-03-22 20:52:34.918002,Fatigue,2,2025,4.0,34.0,Fatigue,37.714285714285715,5.0,8,5.35,Fatigue,69.0,2025-03-18 20:52:34.918002,"['Get adequate sleep', 'Stay hydrated', 'Eat regular balanced meals', 'Take adequate rest']"
74,34,25.42,4,High,8.8,Vegetarian,2025-03-22 20:52:34.918002,50,4,2025-05-11 20:52:34.918002,Mood Swings,3,2025,7.0,42.0,Fatigue,38.25,5.25,9,4.48,Mood Swings,65.5,2025-04-29 20:52:34.918002,"['Maintain adequate sleep', 'Eat regular balanced meals', 'Try gentle exercise', 'Practice relaxation and stress management']"
74,34,25.42,4,High,8.8,Vegetarian,2025-05-11 20:52:34.918002,43,7,2025-06-23 20:52:34.918002,Headache,5,2025,4.0,50.0,Mood Swings,39.55555555555556,5.111111111111111,10,5.37,Headache,69.5,2025-06-20 20:52:34.918002,"['Stay hydrated', 'Eat meals regularly', 'Get adequate sleep', 'Take breaks from prolonged screen use']"
74,34,25.42,4,High,8.8,Vegetarian,2025-06-23 20:52:34.918002,48,7,2025-08-10 20:52:34.918002,Mood Swings,6,2025,7.0,43.0,Headache,39.9,5.3,11,6.095,Mood Swings,71.5,2025-08-02 20:52:34.918002,"['Maintain adequate sleep', 'Eat regular balanced meals', 'Try gentle exercise', 'Practice relaxation and stress management']"
74,34,25.42,4,High,8.8,Vegetarian,2025-08-10 20:52:34.918002,34,5,2025-09-13 20:52:34.918002,Bloating,8,2025,7.0,48.0,Mood Swings,40.63636363636363,5.454545454545454,12,5.05,Bloating,67.0,2025-09-20 20:52:34.918002,"['Stay hydrated', 'Eat smaller balanced meals', 'Try gentle physical activity', 'Avoid foods that personally worsen bloating']"
75,27,21.79,4,High,5.6,Balanced,2025-02-18 20:52:34.918042,45,7,2025-04-04 20:52:34.918042,Cramps,2,2025,7.0,45.0,Cramps,45.0,7.0,2,6.67,Cramps,63.5,2025-04-04 20:52:34.918042,"['Use a warm compress', 'Stay hydrated', 'Take adequate rest', 'Try gentle movement']"
75,27,21.79,4,High,5.6,Balanced,2025-04-04 20:52:34.918042,38,7,2025-05-12 20:52:34.918042,Headache,4,2025,7.0,45.0,Cramps,45.0,7.0,3,6.51,Headache,65.5,2025-05-19 20:52:34.918042,"['Stay hydrated', 'Eat meals regularly', 'Get adequate sleep', 'Take breaks from prolonged screen use']"
75,27,21.79,4,High,5.6,Balanced,2025-05-12 20:52:34.918042,39,3,2025-06-20 20:52:34.918042,Mood Swings,5,2025,7.0,38.0,Headache,42.666666666666664,7.0,4,4.165,Mood Swings,69.5,2025-06-24 20:52:34.918042,"['Maintain adequate sleep', 'Eat regular balanced meals', 'Try gentle exercise', 'Practice relaxation and stress management']"
75,27,21.79,4,High,5.6,Balanced,2025-06-20 20:52:34.918042,47,5,2025-08-06 20:52:34.918042,Cramps,6,2025,3.0,39.0,Mood Swings,41.75,6.0,5,5.005,Cramps,27.0,2025-08-01 20:52:34.918042,"['Use a warm compress', 'Stay hydrated', 'Take adequate rest', 'Try gentle movement']"
75,27,21.79,4,High,5.6,Balanced,2025-08-06 20:52:34.918042,47,7,2025-09-22 20:52:34.918042,Fatigue,8,2025,5.0,47.0,Cramps,42.8,5.8,6,5.415,Fatigue,63.5,2025-09-18 20:52:34.918042,"['Get adequate sleep', 'Stay hydrated', 'Eat regular balanced meals', 'Take adequate rest']"
75,27,21.79,4,High,5.6,Balanced,2025-09-22 20:52:34.918042,38,5,2025-10-30 20:52:34.918042,Bloating,9,2025,7.0,47.0,Fatigue,43.5,6.0,7,5.135,Fatigue,26.0,2025-11-05 20:52:34.918042,"['Get adequate sleep', 'Stay hydrated', 'Eat regular balanced meals', 'Take adequate rest']"
75,27,21.79,4,High,5.6,Balanced,2025-10-30 20:52:34.918042,32,7,2025-12-01 20:52:34.918042,Mood Swings,10,2025,5.0,38.0,Bloating,42.714285714285715,5.857142857142857,8,5.37,Mood Swings,71.5,2025-12-12 20:52:34.918042,"['Maintain adequate sleep', 'Eat regular balanced meals', 'Try gentle exercise', 'Practice relaxation and stress management']"
75,27,21.79,4,High,5.6,Balanced,2025-12-01 20:52:34.918042,43,4,2026-01-13 20:52:34.918042,Cramps,12,2025,7.0,32.0,Mood Swings,41.375,6.0,9,4.42,Cramps,66.5,2026-01-11 20:52:34.918042,"['Use a warm compress', 'Stay hydrated', 'Take adequate rest', 'Try gentle movement']"
75,27,21.79,4,High,5.6,Balanced,2026-01-13 20:52:34.918042,44,6,2026-02-26 20:52:34.918042,Headache,1,2026,4.0,43.0,Cramps,41.55555555555556,5.777777777777778,10,5.915,Mood Swings,25.5,2026-02-24 20:52:34.918042,"['Maintain adequate sleep', 'Eat regular balanced meals', 'Try gentle exercise', 'Practice relaxation and stress management']"
75,27,21.79,4,High,5.6,Balanced,2026-02-26 20:52:34.918042,44,7,2026-04-11 20:52:34.918042,Bloating,2,2026,6.0,44.0,Headache,41.8,5.8,11,6.295,Bloating,65.5,2026-04-09 20:52:34.918042,"['Stay hydrated', 'Eat smaller balanced meals', 'Try gentle physical activity', 'Avoid foods that personally worsen bloating']"
76,40,27.42,1,Moderate,7.8,Balanced,2024-10-20 20:52:34.918081,48,6,2024-12-07 20:52:34.918081,Cramps,10,2024,6.0,49.0,Headache,49.0,6.0,2,4.88,Cramps,73.0,2024-12-08 20:52:34.918081,"['Use a warm compress', 'Stay hydrated', 'Take adequate rest', 'Try gentle movement']"
76,40,27.42,1,Moderate,7.8,Balanced,2024-12-07 20:52:34.918081,28,4,2025-01-04 20:52:34.918081,Cramps,12,2024,6.0,48.0,Cramps,48.5,6.0,3,4.415,Cramps,34.5,2025-01-24 20:52:34.918081,"['Use a warm compress', 'Stay hydrated', 'Take adequate rest', 'Try gentle movement']"
76,40,27.42,1,Moderate,7.8,Balanced,2025-01-04 20:52:34.918081,43,7,2025-02-16 20:52:34.918081,Mood Swings,1,2025,4.0,28.0,Cramps,41.666666666666664,5.333333333333333,4,6.19,Mood Swings,69.0,2025-02-15 20:52:34.918081,"['Maintain adequate sleep', 'Eat regular balanced meals', 'Try gentle exercise', 'Practice relaxation and stress management']"
76,40,27.42,1,Moderate,7.8,Balanced,2025-02-16 20:52:34.918081,34,6,2025-03-22 20:52:34.918081,Cramps,2,2025,7.0,43.0,Mood Swings,42.0,5.75,5,5.64,Cramps,73.5,2025-03-30 20:52:34.918081,"['Use a warm compress', 'Stay hydrated', 'Take adequate rest', 'Try gentle movement']"
76,40,27.42,1,Moderate,7.8,Balanced,2025-03-22 20:52:34.918081,48,5,2025-05-09 20:52:34.918081,Bloating,3,2025,6.0,34.0,Cramps,40.4,5.8,6,5.17,Bloating,79.0,2025-05-01 20:52:34.918081,"['Stay hydrated', 'Eat smaller balanced meals', 'Try gentle physical activity', 'Avoid foods that personally worsen bloating']"
76,40,27.42,1,Moderate,7.8,Balanced,2025-05-09 20:52:34.918081,47,6,2025-06-25 20:52:34.918081,Cramps,5,2025,5.0,48.0,Bloating,41.666666666666664,5.666666666666667,7,5.61,Bloating,52.0,2025-06-20 20:52:34.918081,"['Stay hydrated', 'Eat smaller balanced meals', 'Try gentle physical activity', 'Avoid foods that personally worsen bloating']"
76,40,27.42,1,Moderate,7.8,Balanced,2025-06-25 20:52:34.918081,47,6,2025-08-11 20:52:34.918081,Bloating,6,2025,6.0,47.0,Cramps,42.42857142857143,5.714285714285714,8,6.155,Bloating,85.5,2025-08-06 20:52:34.918081,"['Stay hydrated', 'Eat smaller balanced meals', 'Try gentle physical activity', 'Avoid foods that personally worsen bloating']"
76,40,27.42,1,Moderate,7.8,Balanced,2025-08-11 20:52:34.918081,41,7,2025-09-21 20:52:34.918081,Bloating,8,2025,6.0,47.0,Bloating,43.0,5.75,9,6.575,Bloating,76.0,2025-09-23 20:52:34.918081,"['Stay hydrated', 'Eat smaller balanced meals', 'Try gentle physical activity', 'Avoid foods that personally worsen bloating']"
76,40,27.42,1,Moderate,7.8,Balanced,2025-09-21 20:52:34.918081,32,7,2025-10-23 20:52:34.918081,Mood Swings,9,2025,7.0,41.0,Bloating,42.77777777777778,5.888888888888889,10,6.595,Mood Swings,63.5,2025-11-03 20:52:34.918081,"['Maintain adequate sleep', 'Eat regular balanced meals', 'Try gentle exercise', 'Practice relaxation and stress management']"
77,28,22.67,4,Low,8.8,Balanced,2024-04-20 20:52:34.918114,50,6,2024-06-09 20:52:34.918114,Headache,4,2024,3.0,40.0,Mood Swings,40.0,3.0,2,5.615,Fatigue,36.5,2024-05-30 20:52:34.918114,"['Get adequate sleep', 'Stay hydrated', 'Eat regular balanced meals', 'Take adequate rest']"
77,28,22.67,4,Low,8.8,Balanced,2024-06-09 20:52:34.918114,26,3,2024-07-05 20:52:34.918114,Fatigue,6,2024,6.0,50.0,Headache,45.0,4.5,3,3.92,Fatigue,69.5,2024-07-24 20:52:34.918114,"['Get adequate sleep', 'Stay hydrated', 'Eat regular balanced meals', 'Take adequate rest']"
77,28,22.67,4,Low,8.8,Balanced,2024-07-05 20:52:34.918114,31,6,2024-08-05 20:52:34.918114,Headache,7,2024,3.0,26.0,Fatigue,38.666666666666664,4.0,4,5.495,Cramps,27.500000000000004,2024-08-13 20:52:34.918114,"['Use a warm compress', 'Stay hydrated', 'Take adequate rest', 'Try gentle movement']"
77,28,22.67,4,Low,8.8,Balanced,2024-08-05 20:52:34.918114,44,7,2024-09-18 20:52:34.918114,Bloating,8,2024,6.0,31.0,Headache,36.75,4.5,5,6.16,Bloating,73.5,2024-09-11 20:52:34.918114,"['Stay hydrated', 'Eat smaller balanced meals', 'Try gentle physical activity', 'Avoid foods that personally worsen bloating']"
77,28,22.67,4,Low,8.8,Balanced,2024-09-18 20:52:34.918114,39,3,2024-10-27 20:52:34.918114,Headache,9,2024,7.0,44.0,Bloating,38.2,5.0,6,4.815,Headache,67.0,2024-10-26 20:52:34.918114,"['Stay hydrated', 'Eat meals regularly', 'Get adequate sleep', 'Take breaks from prolonged screen use']"
77,28,22.67,4,Low,8.8,Balanced,2024-10-27 20:52:34.918114,32,3,2024-11-28 20:52:34.918114,Fatigue,10,2024,3.0,39.0,Headache,38.333333333333336,4.666666666666667,7,3.935,Fatigue,66.0,2024-12-04 20:52:34.918114,"['Get adequate sleep', 'Stay hydrated', 'Eat regular balanced meals', 'Take adequate rest']"
77,28,22.67,4,Low,8.8,Balanced,2024-11-28 20:52:34.918114,39,5,2025-01-06 20:52:34.918114,Cramps,11,2024,3.0,32.0,Fatigue,37.42857142857143,4.428571428571429,8,5.275,Cramps,64.5,2025-01-04 20:52:34.918114,"['Use a warm compress', 'Stay hydrated', 'Take adequate rest', 'Try gentle movement']"
77,28,22.67,4,Low,8.8,Balanced,2025-01-06 20:52:34.918114,43,7,2025-02-18 20:52:34.918114,Bloating,1,2025,5.0,39.0,Cramps,37.625,4.5,9,6.345,Bloating,66.5,2025-02-13 20:52:34.918114,"['Stay hydrated', 'Eat smaller balanced meals', 'Try gentle physical activity', 'Avoid foods that personally worsen bloating']"
78,37,29.26,3,Low,7.5,Balanced,2023-06-23 20:52:34.918146,44,7,2023-08-06 20:52:34.918146,Bloating,6,2023,3.0,48.0,Fatigue,48.0,3.0,2,6.36,Bloating,73.5,2023-08-10 20:52:34.918146,"['Stay hydrated', 'Eat smaller balanced meals', 'Try gentle physical activity', 'Avoid foods that personally worsen bloating']"
78,37,29.26,3,Low,7.5,Balanced,2023-08-06 20:52:34.918146,35,5,2023-09-10 20:52:34.918146,Fatigue,8,2023,7.0,44.0,Bloating,46.0,5.0,3,5.055,Fatigue,74.0,2023-09-21 20:52:34.918146,"['Get adequate sleep', 'Stay hydrated', 'Eat regular balanced meals', 'Take adequate rest']"
78,37,29.26,3,Low,7.5,Balanced,2023-09-10 20:52:34.918146,26,4,2023-10-06 20:52:34.918146,Mood Swings,9,2023,5.0,35.0,Fatigue,42.333333333333336,5.0,4,4.47,Mood Swings,70.5,2023-10-22 20:52:34.918146,"['Maintain adequate sleep', 'Eat regular balanced meals', 'Try gentle exercise', 'Practice relaxation and stress management']"
78,37,29.26,3,Low,7.5,Balanced,2023-10-06 20:52:34.918146,48,4,2023-11-23 20:52:34.918146,Fatigue,10,2023,4.0,26.0,Mood Swings,38.25,4.75,5,4.235,Fatigue,73.5,2023-11-13 20:52:34.918146,"['Get adequate sleep', 'Stay hydrated', 'Eat regular balanced meals', 'Take adequate rest']"
78,37,29.26,3,Low,7.5,Balanced,2023-11-23 20:52:34.918146,31,5,2023-12-24 20:52:34.918146,Fatigue,11,2023,4.0,48.0,Fatigue,40.2,4.6,6,5.105,Bloating,30.0,2024-01-02 20:52:34.918146,"['Stay hydrated', 'Eat smaller balanced meals', 'Try gentle physical activity', 'Avoid foods that personally worsen bloating']"
78,37,29.26,3,Low,7.5,Balanced,2023-12-24 20:52:34.918146,34,4,2024-01-27 20:52:34.918146,Cramps,12,2023,5.0,31.0,Fatigue,38.666666666666664,4.666666666666667,7,4.265,Cramps,68.0,2024-02-01 20:52:34.918146,"['Use a warm compress', 'Stay hydrated', 'Take adequate rest', 'Try gentle movement']"
78,37,29.26,3,Low,7.5,Balanced,2024-01-27 20:52:34.918146,26,6,2024-02-22 20:52:34.918146,Headache,1,2024,4.0,34.0,Cramps,38.0,4.571428571428571,8,5.54,Headache,66.5,2024-03-05 20:52:34.918146,"['Stay hydrated', 'Eat meals regularly', 'Get adequate sleep', 'Take breaks from prolonged screen use']"
78,37,29.26,3,Low,7.5,Balanced,2024-02-22 20:52:34.918146,40,5,2024-04-02 20:52:34.918146,Mood Swings,2,2024,6.0,26.0,Headache,36.5,4.75,9,4.765,Mood Swings,67.0,2024-03-29 20:52:34.918146,"['Maintain adequate sleep', 'Eat regular balanced meals', 'Try gentle exercise', 'Practice relaxation and stress management']"
78,37,29.26,3,Low,7.5,Balanced,2024-04-02 20:52:34.918146,46,5,2024-05-18 20:52:34.918146,Cramps,4,2024,5.0,40.0,Mood Swings,36.888888888888886,4.777777777777778,10,4.93,Cramps,67.0,2024-05-09 20:52:34.918146,"['Use a warm compress', 'Stay hydrated', 'Take adequate rest', 'Try gentle movement']"
78,37,29.26,3,Low,7.5,Balanced,2024-05-18 20:52:34.918146,50,3,2024-07-07 20:52:34.918146,Bloating,5,2024,5.0,46.0,Cramps,37.8,4.8,11,4.01,Bloating,68.5,2024-06-25 20:52:34.918146,"['Stay hydrated', 'Eat smaller balanced meals', 'Try gentle physical activity', 'Avoid foods that personally worsen bloating']"
79,22,20.27,1,High,9.0,High Sugar,2025-02-23 20:52:34.918237,34,5,2025-03-29 20:52:34.918237,Cramps,2,2025,3.0,40.0,Headache,40.0,3.0,2,5.355,Cramps,68.5,2025-04-04 20:52:34.918237,"['Use a warm compress', 'Stay hydrated', 'Take adequate rest', 'Try gentle movement']"
79,22,20.27,1,High,9.0,High Sugar,2025-03-29 20:52:34.918237,38,7,2025-05-06 20:52:34.918237,Cramps,3,2025,5.0,34.0,Cramps,37.0,4.0,3,6.48,Cramps,31.5,2025-05-05 20:52:34.918237,"['Use a warm compress', 'Stay hydrated', 'Take adequate rest', 'Try gentle movement']"
79,22,20.27,1,High,9.0,High Sugar,2025-05-06 20:52:34.918237,32,5,2025-06-07 20:52:34.918237,Headache,5,2025,7.0,38.0,Cramps,37.333333333333336,5.0,4,5.25,Headache,72.5,2025-06-12 20:52:34.918237,"['Stay hydrated', 'Eat meals regularly', 'Get adequate sleep', 'Take breaks from prolonged screen use']"
79,22,20.27,1,High,9.0,High Sugar,2025-06-07 20:52:34.918237,50,4,2025-07-27 20:52:34.918237,Cramps,6,2025,5.0,32.0,Headache,36.0,5.0,5,4.52,Cramps,73.0,2025-07-13 20:52:34.918237,"['Use a warm compress', 'Stay hydrated', 'Take adequate rest', 'Try gentle movement']"
79,22,20.27,1,High,9.0,High Sugar,2025-07-27 20:52:34.918237,32,6,2025-08-28 20:52:34.918237,Mood Swings,7,2025,4.0,50.0,Cramps,38.8,4.8,6,5.415,Mood Swings,75.0,2025-09-04 20:52:34.918237,"['Maintain adequate sleep', 'Eat regular balanced meals', 'Try gentle exercise', 'Practice relaxation and stress management']"
79,22,20.27,1,High,9.0,High Sugar,2025-08-28 20:52:34.918237,30,6,2025-09-27 20:52:34.918237,Headache,8,2025,6.0,32.0,Mood Swings,37.666666666666664,5.0,7,5.805,Headache,70.0,2025-10-05 20:52:34.918237,"['Stay hydrated', 'Eat meals regularly', 'Get adequate sleep', 'Take breaks from prolonged screen use']"
79,22,20.27,1,High,9.0,High Sugar,2025-09-27 20:52:34.918237,47,3,2025-11-13 20:52:34.918237,Mood Swings,9,2025,6.0,30.0,Headache,36.57142857142857,5.142857142857143,8,5.105,Mood Swings,64.5,2025-11-03 20:52:34.918237,"['Maintain adequate sleep', 'Eat regular balanced meals', 'Try gentle exercise', 'Practice relaxation and stress management']"
79,22,20.27,1,High,9.0,High Sugar,2025-11-13 20:52:34.918237,36,7,2025-12-19 20:52:34.918237,Mood Swings,11,2025,3.0,47.0,Mood Swings,37.875,4.875,9,6.46,Mood Swings,68.5,2025-12-21 20:52:34.918237,"['Maintain adequate sleep', 'Eat regular balanced meals', 'Try gentle exercise', 'Practice relaxation and stress management']"
79,22,20.27,1,High,9.0,High Sugar,2025-12-19 20:52:34.918237,27,6,2026-01-15 20:52:34.918237,Bloating,12,2025,7.0,36.0,Mood Swings,37.666666666666664,5.111111111111111,10,5.74,Bloating,63.0,2026-01-26 20:52:34.918237,"['Stay hydrated', 'Eat smaller balanced meals', 'Try gentle physical activity', 'Avoid foods that personally worsen bloating']"
80,35,26.52,3,High,8.4,Vegetarian,2023-05-23 20:52:34.918287,48,6,2023-07-10 20:52:34.918287,Fatigue,5,2023,7.0,37.0,Fatigue,37.0,7.0,2,5.17,Fatigue,70.0,2023-06-29 20:52:34.918287,"['Get adequate sleep', 'Stay hydrated', 'Eat regular balanced meals', 'Take adequate rest']"
80,35,26.52,3,High,8.4,Vegetarian,2023-07-10 20:52:34.918287,44,3,2023-08-23 20:52:34.918287,Cramps,7,2023,6.0,48.0,Fatigue,42.5,6.5,3,4.0,Cramps,69.5,2023-08-21 20:52:34.918287,"['Use a warm compress', 'Stay hydrated', 'Take adequate rest', 'Try gentle movement']"
80,35,26.52,3,High,8.4,Vegetarian,2023-08-23 20:52:34.918287,50,7,2023-10-12 20:52:34.918287,Mood Swings,8,2023,3.0,44.0,Cramps,43.0,5.333333333333333,4,6.315,Cramps,28.499999999999996,2023-10-05 20:52:34.918287,"['Use a warm compress', 'Stay hydrated', 'Take adequate rest', 'Try gentle movement']"
80,35,26.52,3,High,8.4,Vegetarian,2023-10-12 20:52:34.918287,44,6,2023-11-25 20:52:34.918287,Bloating,10,2023,7.0,50.0,Mood Swings,44.75,5.75,5,5.6,Bloating,72.0,2023-11-26 20:52:34.918287,"['Stay hydrated', 'Eat smaller balanced meals', 'Try gentle physical activity', 'Avoid foods that personally worsen bloating']"
80,35,26.52,3,High,8.4,Vegetarian,2023-11-25 20:52:34.918287,28,4,2023-12-23 20:52:34.918287,Headache,11,2023,6.0,44.0,Bloating,44.6,5.8,6,5.285,Headache,70.0,2024-01-09 20:52:34.918287,"['Stay hydrated', 'Eat meals regularly', 'Get adequate sleep', 'Take breaks from prolonged screen use']"
80,35,26.52,3,High,8.4,Vegetarian,2023-12-23 20:52:34.918287,50,4,2024-02-11 20:52:34.918287,Bloating,12,2023,4.0,28.0,Headache,41.833333333333336,5.5,7,4.505,Bloating,72.0,2024-02-03 20:52:34.918287,"['Stay hydrated', 'Eat smaller balanced meals', 'Try gentle physical activity', 'Avoid foods that personally worsen bloating']"
80,35,26.52,3,High,8.4,Vegetarian,2024-02-11 20:52:34.918287,25,3,2024-03-07 20:52:34.918287,Bloating,2,2024,4.0,50.0,Bloating,43.0,5.285714285714286,8,5.57,Bloating,70.0,2024-03-25 20:52:34.918287,"['Stay hydrated', 'Eat smaller balanced meals', 'Try gentle physical activity', 'Avoid foods that personally worsen bloating']"
80,35,26.52,3,High,8.4,Vegetarian,2024-03-07 20:52:34.918287,39,3,2024-04-15 20:52:34.918287,Cramps,3,2024,3.0,25.0,Bloating,40.75,5.0,9,4.425,Bloating,23.5,2024-04-17 20:52:34.918287,"['Stay hydrated', 'Eat smaller balanced meals', 'Try gentle physical activity', 'Avoid foods that personally worsen bloating']"
80,35,26.52,3,High,8.4,Vegetarian,2024-04-15 20:52:34.918287,29,3,2024-05-14 20:52:34.918287,Cramps,4,2024,3.0,39.0,Cramps,40.55555555555556,4.777777777777778,10,4.11,Cramps,65.5,2024-05-26 20:52:34.918287,"['Use a warm compress', 'Stay hydrated', 'Take adequate rest', 'Try gentle movement']"
81,36,26.25,5,Moderate,6.5,Low Carb,2024-09-07 20:52:34.918326,48,5,2024-10-25 20:52:34.918326,Fatigue,9,2024,6.0,45.0,Mood Swings,45.0,6.0,2,4.655,Fatigue,62.5,2024-10-22 20:52:34.918326,"['Get adequate sleep', 'Stay hydrated', 'Eat regular balanced meals', 'Take adequate rest']"
81,36,26.25,5,Moderate,6.5,Low Carb,2024-10-25 20:52:34.918326,27,3,2024-11-21 20:52:34.918326,Mood Swings,10,2024,5.0,48.0,Fatigue,46.5,5.5,3,3.685,Fatigue,31.0,2024-12-10 20:52:34.918326,"['Get adequate sleep', 'Stay hydrated', 'Eat regular balanced meals', 'Take adequate rest']"
81,36,26.25,5,Moderate,6.5,Low Carb,2024-11-21 20:52:34.918326,42,6,2025-01-02 20:52:34.918326,Bloating,11,2024,3.0,27.0,Mood Swings,40.0,4.666666666666667,4,5.36,Bloating,72.5,2024-12-31 20:52:34.918326,"['Stay hydrated', 'Eat smaller balanced meals', 'Try gentle physical activity', 'Avoid foods that personally worsen bloating']"
81,36,26.25,5,Moderate,6.5,Low Carb,2025-01-02 20:52:34.918326,29,5,2025-01-31 20:52:34.918326,Cramps,1,2025,6.0,42.0,Bloating,40.5,5.0,5,4.95,Cramps,76.5,2025-02-11 20:52:34.918326,"['Use a warm compress', 'Stay hydrated', 'Take adequate rest', 'Try gentle movement']"
81,36,26.25,5,Moderate,6.5,Low Carb,2025-01-31 20:52:34.918326,45,4,2025-03-17 20:52:34.918326,Cramps,1,2025,5.0,29.0,Cramps,38.2,5.0,6,4.415,Bloating,24.5,2025-03-10 20:52:34.918326,"['Stay hydrated', 'Eat smaller balanced meals', 'Try gentle physical activity', 'Avoid foods that personally worsen bloating']"
81,36,26.25,5,Moderate,6.5,Low Carb,2025-03-17 20:52:34.918326,47,7,2025-05-03 20:52:34.918326,Cramps,3,2025,4.0,45.0,Cramps,39.333333333333336,4.833333333333333,7,5.84,Fatigue,32.5,2025-04-25 20:52:34.918326,"['Get adequate sleep', 'Stay hydrated', 'Eat regular balanced meals', 'Take adequate rest']"
82,42,23.81,2,High,7.3,Low Carb,2025-01-17 20:52:34.918353,31,7,2025-02-17 20:52:34.918353,Bloating,1,2025,7.0,28.0,Headache,28.0,7.0,2,6.62,Bloating,75.0,2025-02-14 20:52:34.918353,"['Stay hydrated', 'Eat smaller balanced meals', 'Try gentle physical activity', 'Avoid foods that personally worsen bloating']"
82,42,23.81,2,High,7.3,Low Carb,2025-02-17 20:52:34.918353,50,7,2025-04-08 20:52:34.918353,Headache,2,2025,7.0,31.0,Bloating,29.5,7.0,3,6.61,Bloating,43.5,2025-03-19 20:52:34.918353,"['Stay hydrated', 'Eat smaller balanced meals', 'Try gentle physical activity', 'Avoid foods that personally worsen bloating']"
82,42,23.81,2,High,7.3,Low Carb,2025-04-08 20:52:34.918353,43,4,2025-05-21 20:52:34.918353,Mood Swings,4,2025,7.0,50.0,Headache,36.333333333333336,7.0,4,4.3,Mood Swings,72.5,2025-05-14 20:52:34.918353,"['Maintain adequate sleep', 'Eat regular balanced meals', 'Try gentle exercise', 'Practice relaxation and stress management']"
82,42,23.81,2,High,7.3,Low Carb,2025-05-21 20:52:34.918353,32,3,2025-06-22 20:52:34.918353,Cramps,5,2025,4.0,43.0,Mood Swings,38.0,6.25,5,3.805,Bloating,31.5,2025-06-28 20:52:34.918353,"['Stay hydrated', 'Eat smaller balanced meals', 'Try gentle physical activity', 'Avoid foods that personally worsen bloating']"
82,42,23.81,2,High,7.3,Low Carb,2025-06-22 20:52:34.918353,43,3,2025-08-04 20:52:34.918353,Fatigue,6,2025,3.0,32.0,Cramps,36.8,5.6,6,4.88,Bloating,28.999999999999996,2025-07-29 20:52:34.918353,"['Stay hydrated', 'Eat smaller balanced meals', 'Try gentle physical activity', 'Avoid foods that personally worsen bloating']"
82,42,23.81,2,High,7.3,Low Carb,2025-08-04 20:52:34.918353,42,4,2025-09-15 20:52:34.918353,Mood Swings,8,2025,3.0,43.0,Fatigue,37.833333333333336,5.166666666666667,7,4.665,Mood Swings,66.0,2025-09-11 20:52:34.918353,"['Maintain adequate sleep', 'Eat regular balanced meals', 'Try gentle exercise', 'Practice relaxation and stress management']"
83,25,24.51,1,Low,8.0,Vegetarian,2023-11-26 20:52:34.918381,30,5,2023-12-26 20:52:34.918381,Bloating,11,2023,6.0,38.0,Fatigue,38.0,6.0,2,5.005,Bloating,40.0,2024-01-03 20:52:34.918381,"['Stay hydrated', 'Eat smaller balanced meals', 'Try gentle physical activity', 'Avoid foods that personally worsen bloating']"
83,25,24.51,1,Low,8.0,Vegetarian,2023-12-26 20:52:34.918381,33,5,2024-01-28 20:52:34.918381,Bloating,12,2023,5.0,30.0,Bloating,34.0,5.5,3,4.465,Bloating,62.5,2024-01-29 20:52:34.918381,"['Stay hydrated', 'Eat smaller balanced meals', 'Try gentle physical activity', 'Avoid foods that personally worsen bloating']"
83,25,24.51,1,Low,8.0,Vegetarian,2024-01-28 20:52:34.918381,31,3,2024-02-28 20:52:34.918381,Cramps,1,2024,5.0,33.0,Bloating,33.666666666666664,5.333333333333333,4,3.645,Cramps,69.5,2024-03-02 20:52:34.918381,"['Use a warm compress', 'Stay hydrated', 'Take adequate rest', 'Try gentle movement']"
83,25,24.51,1,Low,8.0,Vegetarian,2024-02-28 20:52:34.918381,31,5,2024-03-30 20:52:34.918381,Bloating,2,2024,3.0,31.0,Cramps,33.0,4.75,5,4.98,Cramps,26.5,2024-04-01 20:52:34.918381,"['Use a warm compress', 'Stay hydrated', 'Take adequate rest', 'Try gentle movement']"
83,25,24.51,1,Low,8.0,Vegetarian,2024-03-30 20:52:34.918381,42,6,2024-05-11 20:52:34.918381,Mood Swings,3,2024,5.0,31.0,Bloating,32.6,4.8,6,5.465,Mood Swings,68.5,2024-05-02 20:52:34.918381,"['Maintain adequate sleep', 'Eat regular balanced meals', 'Try gentle exercise', 'Practice relaxation and stress management']"
83,25,24.51,1,Low,8.0,Vegetarian,2024-05-11 20:52:34.918381,36,3,2024-06-16 20:52:34.918381,Bloating,5,2024,6.0,42.0,Mood Swings,34.166666666666664,5.0,7,3.51,Bloating,70.5,2024-06-14 20:52:34.918381,"['Stay hydrated', 'Eat smaller balanced meals', 'Try gentle physical activity', 'Avoid foods that personally worsen bloating']"
83,25,24.51,1,Low,8.0,Vegetarian,2024-06-16 20:52:34.918381,36,3,2024-07-22 20:52:34.918381,Fatigue,6,2024,3.0,36.0,Bloating,34.42857142857143,4.714285714285714,8,3.525,Fatigue,73.5,2024-07-20 20:52:34.918381,"['Get adequate sleep', 'Stay hydrated', 'Eat regular balanced meals', 'Take adequate rest']"
83,25,24.51,1,Low,8.0,Vegetarian,2024-07-22 20:52:34.918381,30,7,2024-08-21 20:52:34.918381,Mood Swings,7,2024,3.0,36.0,Fatigue,34.625,4.5,9,4.565,Fatigue,44.0,2024-08-26 20:52:34.918381,"['Get adequate sleep', 'Stay hydrated', 'Eat regular balanced meals', 'Take adequate rest']"
83,25,24.51,1,Low,8.0,Vegetarian,2024-08-21 20:52:34.918381,29,6,2024-09-19 20:52:34.918381,Mood Swings,8,2024,7.0,30.0,Mood Swings,34.111111111111114,4.777777777777778,10,5.345,Mood Swings,75.0,2024-09-24 20:52:34.918381,"['Maintain adequate sleep', 'Eat regular balanced meals', 'Try gentle exercise', 'Practice relaxation and stress management']"
84,40,20.99,2,Low,8.2,Vegetarian,2024-11-04 20:52:34.918426,28,5,2024-12-02 20:52:34.918426,Bloating,11,2024,3.0,47.0,Cramps,47.0,3.0,2,5.64,Cramps,26.0,2024-12-21 20:52:34.918426,"['Use a warm compress', 'Stay hydrated', 'Take adequate rest', 'Try gentle movement']"
84,40,20.99,2,Low,8.2,Vegetarian,2024-12-02 20:52:34.918426,44,6,2025-01-15 20:52:34.918426,Cramps,12,2024,5.0,28.0,Bloating,37.5,4.0,3,5.645,Cramps,74.0,2025-01-09 20:52:34.918426,"['Use a warm compress', 'Stay hydrated', 'Take adequate rest', 'Try gentle movement']"
84,40,20.99,2,Low,8.2,Vegetarian,2025-01-15 20:52:34.918426,43,3,2025-02-27 20:52:34.918426,Fatigue,1,2025,6.0,44.0,Cramps,39.666666666666664,4.666666666666667,4,3.73,Fatigue,66.0,2025-02-24 20:52:34.918426,"['Get adequate sleep', 'Stay hydrated', 'Eat regular balanced meals', 'Take adequate rest']"
84,40,20.99,2,Low,8.2,Vegetarian,2025-02-27 20:52:34.918426,42,6,2025-04-10 20:52:34.918426,Headache,2,2025,3.0,43.0,Fatigue,40.5,4.25,5,4.735,Headache,72.0,2025-04-08 20:52:34.918426,"['Stay hydrated', 'Eat meals regularly', 'Get adequate sleep', 'Take breaks from prolonged screen use']"
84,40,20.99,2,Low,8.2,Vegetarian,2025-04-10 20:52:34.918426,39,4,2025-05-19 20:52:34.918426,Bloating,4,2025,6.0,42.0,Headache,40.8,4.6,6,4.215,Bloating,69.0,2025-05-21 20:52:34.918426,"['Stay hydrated', 'Eat smaller balanced meals', 'Try gentle physical activity', 'Avoid foods that personally worsen bloating']"
85,45,24.23,3,Low,8.3,High Sugar,2024-04-29 20:52:34.918448,33,5,2024-06-01 20:52:34.918448,Headache,4,2024,7.0,33.0,Bloating,33.0,7.0,2,5.31,Headache,62.5,2024-06-01 20:52:34.918448,"['Stay hydrated', 'Eat meals regularly', 'Get adequate sleep', 'Take breaks from prolonged screen use']"
85,45,24.23,3,Low,8.3,High Sugar,2024-06-01 20:52:34.918448,29,6,2024-06-30 20:52:34.918448,Fatigue,6,2024,5.0,33.0,Headache,33.0,6.0,3,5.695,Fatigue,71.5,2024-07-04 20:52:34.918448,"['Get adequate sleep', 'Stay hydrated', 'Eat regular balanced meals', 'Take adequate rest']"
85,45,24.23,3,Low,8.3,High Sugar,2024-06-30 20:52:34.918448,50,6,2024-08-19 20:52:34.918448,Fatigue,6,2024,6.0,29.0,Fatigue,31.666666666666668,6.0,4,5.54,Fatigue,73.5,2024-08-01 20:52:34.918448,"['Get adequate sleep', 'Stay hydrated', 'Eat regular balanced meals', 'Take adequate rest']"
85,45,24.23,3,Low,8.3,High Sugar,2024-08-19 20:52:34.918448,32,3,2024-09-20 20:52:34.918448,Bloating,8,2024,6.0,50.0,Fatigue,36.25,6.0,5,3.825,Bloating,74.0,2024-09-24 20:52:34.918448,"['Stay hydrated', 'Eat smaller balanced meals', 'Try gentle physical activity', 'Avoid foods that personally worsen bloating']"
85,45,24.23,3,Low,8.3,High Sugar,2024-09-20 20:52:34.918448,35,7,2024-10-25 20:52:34.918448,Mood Swings,9,2024,3.0,32.0,Bloating,35.4,5.4,6,4.68,Mood Swings,72.0,2024-10-25 20:52:34.918448,"['Maintain adequate sleep', 'Eat regular balanced meals', 'Try gentle exercise', 'Practice relaxation and stress management']"
85,45,24.23,3,Low,8.3,High Sugar,2024-10-25 20:52:34.918448,37,4,2024-12-01 20:52:34.918448,Bloating,10,2024,7.0,35.0,Mood Swings,35.333333333333336,5.666666666666667,7,4.22,Bloating,70.0,2024-11-29 20:52:34.918448,"['Stay hydrated', 'Eat smaller balanced meals', 'Try gentle physical activity', 'Avoid foods that personally worsen bloating']"
86,36,19.97,2,High,8.0,Balanced,2023-04-22 20:52:34.918475,45,6,2023-06-06 20:52:34.918475,Bloating,4,2023,3.0,28.0,Headache,28.0,3.0,2,5.37,Headache,26.5,2023-05-20 20:52:34.918475,"['Stay hydrated', 'Eat meals regularly', 'Get adequate sleep', 'Take breaks from prolonged screen use']"
86,36,19.97,2,High,8.0,Balanced,2023-06-06 20:52:34.918475,38,6,2023-07-14 20:52:34.918475,Cramps,6,2023,6.0,45.0,Bloating,36.5,4.5,3,5.745,Cramps,73.0,2023-07-12 20:52:34.918475,"['Use a warm compress', 'Stay hydrated', 'Take adequate rest', 'Try gentle movement']"
86,36,19.97,2,High,8.0,Balanced,2023-07-14 20:52:34.918475,43,6,2023-08-26 20:52:34.918475,Cramps,7,2023,6.0,38.0,Cramps,37.0,5.0,4,5.745,Cramps,73.5,2023-08-20 20:52:34.918475,"['Use a warm compress', 'Stay hydrated', 'Take adequate rest', 'Try gentle movement']"
86,36,19.97,2,High,8.0,Balanced,2023-08-26 20:52:34.918475,45,6,2023-10-10 20:52:34.918475,Headache,8,2023,6.0,43.0,Cramps,38.5,5.25,5,5.56,Headache,66.0,2023-10-03 20:52:34.918475,"['Stay hydrated', 'Eat meals regularly', 'Get adequate sleep', 'Take breaks from prolonged screen use']"
86,36,19.97,2,High,8.0,Balanced,2023-10-10 20:52:34.918475,31,5,2023-11-10 20:52:34.918475,Bloating,10,2023,6.0,45.0,Headache,39.8,5.4,6,5.085,Bloating,65.5,2023-11-19 20:52:34.918475,"['Stay hydrated', 'Eat smaller balanced meals', 'Try gentle physical activity', 'Avoid foods that personally worsen bloating']"
86,36,19.97,2,High,8.0,Balanced,2023-11-10 20:52:34.918475,49,5,2023-12-29 20:52:34.918475,Headache,11,2023,5.0,31.0,Bloating,38.333333333333336,5.333333333333333,7,5.1,Headache,76.5,2023-12-18 20:52:34.918475,"['Stay hydrated', 'Eat meals regularly', 'Get adequate sleep', 'Take breaks from prolonged screen use']"
86,36,19.97,2,High,8.0,Balanced,2023-12-29 20:52:34.918475,42,6,2024-02-09 20:52:34.918475,Cramps,12,2023,5.0,49.0,Headache,39.857142857142854,5.285714285714286,8,5.735,Cramps,67.5,2024-02-07 20:52:34.918475,"['Use a warm compress', 'Stay hydrated', 'Take adequate rest', 'Try gentle movement']"
87,44,22.52,5,High,8.5,Vegetarian,2024-04-24 20:52:34.918508,27,5,2024-05-21 20:52:34.918508,Cramps,4,2024,7.0,50.0,Headache,50.0,7.0,2,4.895,Cramps,74.5,2024-06-13 20:52:34.918508,"['Use a warm compress', 'Stay hydrated', 'Take adequate rest', 'Try gentle movement']"
87,44,22.52,5,High,8.5,Vegetarian,2024-05-21 20:52:34.918508,33,3,2024-06-23 20:52:34.918508,Cramps,5,2024,5.0,27.0,Cramps,38.5,6.0,3,3.705,Cramps,68.5,2024-06-28 20:52:34.918508,"['Use a warm compress', 'Stay hydrated', 'Take adequate rest', 'Try gentle movement']"
87,44,22.52,5,High,8.5,Vegetarian,2024-06-23 20:52:34.918508,40,7,2024-08-02 20:52:34.918508,Bloating,6,2024,3.0,33.0,Cramps,36.666666666666664,5.0,4,5.955,Bloating,67.5,2024-07-30 20:52:34.918508,"['Stay hydrated', 'Eat smaller balanced meals', 'Try gentle physical activity', 'Avoid foods that personally worsen bloating']"
87,44,22.52,5,High,8.5,Vegetarian,2024-08-02 20:52:34.918508,36,7,2024-09-07 20:52:34.918508,Cramps,8,2024,7.0,40.0,Bloating,37.5,5.5,5,6.05,Cramps,76.0,2024-09-09 20:52:34.918508,"['Use a warm compress', 'Stay hydrated', 'Take adequate rest', 'Try gentle movement']"
87,44,22.52,5,High,8.5,Vegetarian,2024-09-07 20:52:34.918508,31,5,2024-10-08 20:52:34.918508,Fatigue,9,2024,7.0,36.0,Cramps,37.2,5.8,6,5.15,Cramps,45.5,2024-10-14 20:52:34.918508,"['Use a warm compress', 'Stay hydrated', 'Take adequate rest', 'Try gentle movement']"
87,44,22.52,5,High,8.5,Vegetarian,2024-10-08 20:52:34.918508,36,6,2024-11-13 20:52:34.918508,Fatigue,10,2024,5.0,31.0,Fatigue,36.166666666666664,5.666666666666667,7,5.495,Fatigue,66.0,2024-11-13 20:52:34.918508,"['Get adequate sleep', 'Stay hydrated', 'Eat regular balanced meals', 'Take adequate rest']"
87,44,22.52,5,High,8.5,Vegetarian,2024-11-13 20:52:34.918508,25,7,2024-12-08 20:52:34.918508,Cramps,11,2024,6.0,36.0,Fatigue,36.142857142857146,5.714285714285714,8,5.02,Cramps,72.0,2024-12-19 20:52:34.918508,"['Use a warm compress', 'Stay hydrated', 'Take adequate rest', 'Try gentle movement']"
87,44,22.52,5,High,8.5,Vegetarian,2024-12-08 20:52:34.918508,33,5,2025-01-10 20:52:34.918508,Headache,12,2024,7.0,25.0,Cramps,34.75,5.875,9,4.745,Headache,72.0,2025-01-12 20:52:34.918508,"['Stay hydrated', 'Eat meals regularly', 'Get adequate sleep', 'Take breaks from prolonged screen use']"
87,44,22.52,5,High,8.5,Vegetarian,2025-01-10 20:52:34.918508,42,6,2025-02-21 20:52:34.918508,Bloating,1,2025,5.0,33.0,Headache,34.55555555555556,5.777777777777778,10,5.63,Cramps,37.0,2025-02-14 20:52:34.918508,"['Use a warm compress', 'Stay hydrated', 'Take adequate rest', 'Try gentle movement']"
87,44,22.52,5,High,8.5,Vegetarian,2025-02-21 20:52:34.918508,32,5,2025-03-25 20:52:34.918508,Cramps,2,2025,6.0,42.0,Bloating,35.3,5.8,11,4.91,Cramps,70.0,2025-03-28 20:52:34.918508,"['Use a warm compress', 'Stay hydrated', 'Take adequate rest', 'Try gentle movement']"
88,18,18.97,5,High,5.3,Vegetarian,2023-09-04 20:52:34.918545,46,3,2023-10-20 20:52:34.918545,Fatigue,9,2023,7.0,34.0,Bloating,34.0,7.0,2,3.89,Fatigue,34.0,2023-10-08 20:52:34.918545,"['Get adequate sleep', 'Stay hydrated', 'Eat regular balanced meals', 'Take adequate rest']"
88,18,18.97,5,High,5.3,Vegetarian,2023-10-20 20:52:34.918545,26,7,2023-11-15 20:52:34.918545,Cramps,10,2023,3.0,46.0,Fatigue,40.0,5.0,3,6.405,Cramps,79.0,2023-11-29 20:52:34.918545,"['Use a warm compress', 'Stay hydrated', 'Take adequate rest', 'Try gentle movement']"
88,18,18.97,5,High,5.3,Vegetarian,2023-11-15 20:52:34.918545,48,5,2024-01-02 20:52:34.918545,Fatigue,11,2023,7.0,26.0,Cramps,35.333333333333336,5.666666666666667,4,5.065,Fatigue,74.5,2023-12-20 20:52:34.918545,"['Get adequate sleep', 'Stay hydrated', 'Eat regular balanced meals', 'Take adequate rest']"
88,18,18.97,5,High,5.3,Vegetarian,2024-01-02 20:52:34.918545,35,6,2024-02-06 20:52:34.918545,Cramps,1,2024,5.0,48.0,Fatigue,38.5,5.5,5,5.69,Cramps,73.0,2024-02-09 20:52:34.918545,"['Use a warm compress', 'Stay hydrated', 'Take adequate rest', 'Try gentle movement']"
88,18,18.97,5,High,5.3,Vegetarian,2024-02-06 20:52:34.918545,36,6,2024-03-13 20:52:34.918545,Fatigue,2,2024,6.0,35.0,Cramps,37.8,5.6,6,6.015,Fatigue,69.0,2024-03-15 20:52:34.918545,"['Get adequate sleep', 'Stay hydrated', 'Eat regular balanced meals', 'Take adequate rest']"
88,18,18.97,5,High,5.3,Vegetarian,2024-03-13 20:52:34.918545,47,7,2024-04-29 20:52:34.918545,Mood Swings,3,2024,6.0,36.0,Fatigue,37.5,5.666666666666667,7,6.515,Mood Swings,64.0,2024-04-20 20:52:34.918545,"['Maintain adequate sleep', 'Eat regular balanced meals', 'Try gentle exercise', 'Practice relaxation and stress management']"
88,18,18.97,5,High,5.3,Vegetarian,2024-04-29 20:52:34.918545,26,5,2024-05-25 20:52:34.918545,Headache,4,2024,7.0,47.0,Mood Swings,38.857142857142854,5.857142857142857,8,5.31,Headache,67.5,2024-06-07 20:52:34.918545,"['Stay hydrated', 'Eat meals regularly', 'Get adequate sleep', 'Take breaks from prolonged screen use']"
88,18,18.97,5,High,5.3,Vegetarian,2024-05-25 20:52:34.918545,29,6,2024-06-23 20:52:34.918545,Bloating,5,2024,5.0,26.0,Headache,37.25,5.75,9,5.93,Bloating,58.5,2024-07-01 20:52:34.918545,"['Stay hydrated', 'Eat smaller balanced meals', 'Try gentle physical activity', 'Avoid foods that personally worsen bloating']"
88,18,18.97,5,High,5.3,Vegetarian,2024-06-23 20:52:34.918545,41,6,2024-08-03 20:52:34.918545,Headache,6,2024,6.0,29.0,Bloating,36.333333333333336,5.777777777777778,10,5.91,Headache,59.5,2024-07-29 20:52:34.918545,"['Stay hydrated', 'Eat meals regularly', 'Get adequate sleep', 'Take breaks from prolonged screen use']"
88,18,18.97,5,High,5.3,Vegetarian,2024-08-03 20:52:34.918545,25,7,2024-08-28 20:52:34.918545,Fatigue,8,2024,6.0,41.0,Headache,36.8,5.8,11,6.49,Fatigue,74.0,2024-09-09 20:52:34.918545,"['Get adequate sleep', 'Stay hydrated', 'Eat regular balanced meals', 'Take adequate rest']"
88,18,18.97,5,High,5.3,Vegetarian,2024-08-28 20:52:34.918545,34,7,2024-10-01 20:52:34.918545,Bloating,8,2024,7.0,25.0,Fatigue,35.72727272727273,5.909090909090909,12,6.28,Bloating,68.0,2024-10-03 20:52:34.918545,"['Stay hydrated', 'Eat smaller balanced meals', 'Try gentle physical activity', 'Avoid foods that personally worsen bloating']"
89,20,28.86,5,Moderate,5.1,Vegetarian,2023-08-25 20:52:34.918584,27,5,2023-09-21 20:52:34.918584,Cramps,8,2023,7.0,34.0,Headache,34.0,7.0,2,5.2,Cramps,46.5,2023-09-28 20:52:34.918584,"['Use a warm compress', 'Stay hydrated', 'Take adequate rest', 'Try gentle movement']"
89,20,28.86,5,Moderate,5.1,Vegetarian,2023-09-21 20:52:34.918584,36,7,2023-10-27 20:52:34.918584,Cramps,9,2023,5.0,27.0,Cramps,30.5,6.0,3,6.305,Cramps,75.5,2023-10-21 20:52:34.918584,"['Use a warm compress', 'Stay hydrated', 'Take adequate rest', 'Try gentle movement']"
89,20,28.86,5,Moderate,5.1,Vegetarian,2023-10-27 20:52:34.918584,45,6,2023-12-11 20:52:34.918584,Cramps,10,2023,7.0,36.0,Cramps,32.333333333333336,6.333333333333333,4,5.66,Cramps,78.0,2023-11-28 20:52:34.918584,"['Use a warm compress', 'Stay hydrated', 'Take adequate rest', 'Try gentle movement']"
89,20,28.86,5,Moderate,5.1,Vegetarian,2023-12-11 20:52:34.918584,38,5,2024-01-18 20:52:34.918584,Headache,12,2023,6.0,45.0,Cramps,35.5,6.25,5,4.75,Cramps,41.0,2024-01-16 20:52:34.918584,"['Use a warm compress', 'Stay hydrated', 'Take adequate rest', 'Try gentle movement']"
89,20,28.86,5,Moderate,5.1,Vegetarian,2024-01-18 20:52:34.918584,31,5,2024-02-18 20:52:34.918584,Mood Swings,1,2024,5.0,38.0,Headache,36.0,6.0,6,4.89,Mood Swings,76.0,2024-02-23 20:52:34.918584,"['Maintain adequate sleep', 'Eat regular balanced meals', 'Try gentle exercise', 'Practice relaxation and stress management']"
89,20,28.86,5,Moderate,5.1,Vegetarian,2024-02-18 20:52:34.918584,36,5,2024-03-25 20:52:34.918584,Mood Swings,2,2024,5.0,31.0,Mood Swings,35.166666666666664,5.833333333333333,7,4.725,Mood Swings,69.5,2024-03-24 20:52:34.918584,"['Maintain adequate sleep', 'Eat regular balanced meals', 'Try gentle exercise', 'Practice relaxation and stress management']"
89,20,28.86,5,Moderate,5.1,Vegetarian,2024-03-25 20:52:34.918584,46,4,2024-05-10 20:52:34.918584,Headache,3,2024,5.0,36.0,Mood Swings,35.285714285714285,5.714285714285714,8,4.32,Headache,70.5,2024-04-29 20:52:34.918584,"['Stay hydrated', 'Eat meals regularly', 'Get adequate sleep', 'Take breaks from prolonged screen use']"
89,20,28.86,5,Moderate,5.1,Vegetarian,2024-05-10 20:52:34.918584,32,3,2024-06-11 20:52:34.918584,Bloating,5,2024,4.0,46.0,Headache,36.625,5.5,9,3.815,Bloating,68.5,2024-06-16 20:52:34.918584,"['Stay hydrated', 'Eat smaller balanced meals', 'Try gentle physical activity', 'Avoid foods that personally worsen bloating']"
90,30,26.66,1,High,6.9,High Sugar,2025-01-02 20:52:34.918615,42,6,2025-02-13 20:52:34.918615,Bloating,1,2025,6.0,38.0,Headache,38.0,6.0,2,5.57,Bloating,78.0,2025-02-09 20:52:34.918615,"['Stay hydrated', 'Eat smaller balanced meals', 'Try gentle physical activity', 'Avoid foods that personally worsen bloating']"
90,30,26.66,1,High,6.9,High Sugar,2025-02-13 20:52:34.918615,28,3,2025-03-13 20:52:34.918615,Headache,2,2025,6.0,42.0,Bloating,40.0,6.0,3,4.02,Bloating,27.500000000000004,2025-03-25 20:52:34.918615,"['Stay hydrated', 'Eat smaller balanced meals', 'Try gentle physical activity', 'Avoid foods that personally worsen bloating']"
90,30,26.66,1,High,6.9,High Sugar,2025-03-13 20:52:34.918615,28,7,2025-04-10 20:52:34.918615,Fatigue,3,2025,3.0,28.0,Headache,36.0,5.0,4,4.945,Fatigue,68.0,2025-04-18 20:52:34.918615,"['Get adequate sleep', 'Stay hydrated', 'Eat regular balanced meals', 'Take adequate rest']"
90,30,26.66,1,High,6.9,High Sugar,2025-04-10 20:52:34.918615,25,6,2025-05-05 20:52:34.918615,Fatigue,4,2025,7.0,28.0,Fatigue,34.0,5.5,5,5.44,Fatigue,70.0,2025-05-14 20:52:34.918615,"['Get adequate sleep', 'Stay hydrated', 'Eat regular balanced meals', 'Take adequate rest']"
90,30,26.66,1,High,6.9,High Sugar,2025-05-05 20:52:34.918615,33,5,2025-06-07 20:52:34.918615,Headache,5,2025,6.0,25.0,Fatigue,32.2,5.6,6,5.09,Fatigue,30.0,2025-06-06 20:52:34.918615,"['Get adequate sleep', 'Stay hydrated', 'Eat regular balanced meals', 'Take adequate rest']"
90,30,26.66,1,High,6.9,High Sugar,2025-06-07 20:52:34.918615,43,5,2025-07-20 20:52:34.918615,Bloating,6,2025,5.0,33.0,Headache,32.333333333333336,5.5,7,5.14,Bloating,73.5,2025-07-09 20:52:34.918615,"['Stay hydrated', 'Eat smaller balanced meals', 'Try gentle physical activity', 'Avoid foods that personally worsen bloating']"
90,30,26.66,1,High,6.9,High Sugar,2025-07-20 20:52:34.918615,34,4,2025-08-23 20:52:34.918615,Mood Swings,7,2025,5.0,43.0,Bloating,33.857142857142854,5.428571428571429,8,4.235,Mood Swings,61.0,2025-08-23 20:52:34.918615,"['Maintain adequate sleep', 'Eat regular balanced meals', 'Try gentle exercise', 'Practice relaxation and stress management']"
91,32,25.45,3,Low,6.5,High Sugar,2023-12-24 20:52:34.918645,30,3,2024-01-23 20:52:34.918645,Bloating,12,2023,7.0,46.0,Bloating,46.0,7.0,2,4.005,Bloating,69.5,2024-02-08 20:52:34.918645,"['Stay hydrated', 'Eat smaller balanced meals', 'Try gentle physical activity', 'Avoid foods that personally worsen bloating']"
91,32,25.45,3,Low,6.5,High Sugar,2024-01-23 20:52:34.918645,34,6,2024-02-26 20:52:34.918645,Headache,1,2024,3.0,30.0,Bloating,38.0,5.0,3,5.165,Headache,68.5,2024-03-01 20:52:34.918645,"['Stay hydrated', 'Eat meals regularly', 'Get adequate sleep', 'Take breaks from prolonged screen use']"
91,32,25.45,3,Low,6.5,High Sugar,2024-02-26 20:52:34.918645,48,6,2024-04-14 20:52:34.918645,Headache,2,2024,6.0,34.0,Headache,36.666666666666664,5.333333333333333,4,4.81,Headache,66.5,2024-04-03 20:52:34.918645,"['Stay hydrated', 'Eat meals regularly', 'Get adequate sleep', 'Take breaks from prolonged screen use']"
91,32,25.45,3,Low,6.5,High Sugar,2024-04-14 20:52:34.918645,34,3,2024-05-18 20:52:34.918645,Bloating,4,2024,6.0,48.0,Headache,39.5,5.5,5,4.805,Bloating,73.5,2024-05-24 20:52:34.918645,"['Stay hydrated', 'Eat smaller balanced meals', 'Try gentle physical activity', 'Avoid foods that personally worsen bloating']"
91,32,25.45,3,Low,6.5,High Sugar,2024-05-18 20:52:34.918645,31,6,2024-06-18 20:52:34.918645,Fatigue,5,2024,3.0,34.0,Bloating,38.4,5.0,6,5.605,Fatigue,66.5,2024-06-25 20:52:34.918645,"['Get adequate sleep', 'Stay hydrated', 'Eat regular balanced meals', 'Take adequate rest']"
91,32,25.45,3,Low,6.5,High Sugar,2024-06-18 20:52:34.918645,48,5,2024-08-05 20:52:34.918645,Mood Swings,6,2024,6.0,31.0,Fatigue,37.166666666666664,5.166666666666667,7,5.1,Bloating,31.0,2024-07-25 20:52:34.918645,"['Stay hydrated', 'Eat smaller balanced meals', 'Try gentle physical activity', 'Avoid foods that personally worsen bloating']"
91,32,25.45,3,Low,6.5,High Sugar,2024-08-05 20:52:34.918645,26,6,2024-08-31 20:52:34.918645,Cramps,8,2024,5.0,48.0,Mood Swings,38.714285714285715,5.142857142857143,8,5.51,Cramps,70.5,2024-09-13 20:52:34.918645,"['Use a warm compress', 'Stay hydrated', 'Take adequate rest', 'Try gentle movement']"
91,32,25.45,3,Low,6.5,High Sugar,2024-08-31 20:52:34.918645,30,5,2024-09-30 20:52:34.918645,Fatigue,8,2024,6.0,26.0,Cramps,37.125,5.25,9,4.79,Fatigue,64.5,2024-10-07 20:52:34.918645,"['Get adequate sleep', 'Stay hydrated', 'Eat regular balanced meals', 'Take adequate rest']"
91,32,25.45,3,Low,6.5,High Sugar,2024-09-30 20:52:34.918645,29,6,2024-10-29 20:52:34.918645,Bloating,9,2024,5.0,30.0,Fatigue,36.333333333333336,5.222222222222222,10,5.495,Bloating,64.5,2024-11-05 20:52:34.918645,"['Stay hydrated', 'Eat smaller balanced meals', 'Try gentle physical activity', 'Avoid foods that personally worsen bloating']"
91,32,25.45,3,Low,6.5,High Sugar,2024-10-29 20:52:34.918645,25,5,2024-11-23 20:52:34.918645,Bloating,10,2024,6.0,29.0,Bloating,35.6,5.3,11,4.77,Mood Swings,37.5,2024-12-04 20:52:34.918645,"['Maintain adequate sleep', 'Eat regular balanced meals', 'Try gentle exercise', 'Practice relaxation and stress management']"
91,32,25.45,3,Low,6.5,High Sugar,2024-11-23 20:52:34.918645,32,4,2024-12-25 20:52:34.918645,Mood Swings,11,2024,5.0,25.0,Bloating,34.63636363636363,5.2727272727272725,12,4.39,Mood Swings,68.5,2024-12-28 20:52:34.918645,"['Maintain adequate sleep', 'Eat regular balanced meals', 'Try gentle exercise', 'Practice relaxation and stress management']"
92,29,24.11,2,Moderate,8.4,Vegetarian,2025-04-10 20:52:34.918686,29,5,2025-05-09 20:52:34.918686,Mood Swings,4,2025,5.0,48.0,Mood Swings,48.0,5.0,2,4.72,Headache,31.5,2025-05-28 20:52:34.918686,"['Stay hydrated', 'Eat meals regularly', 'Get adequate sleep', 'Take breaks from prolonged screen use']"
92,29,24.11,2,Moderate,8.4,Vegetarian,2025-05-09 20:52:34.918686,39,6,2025-06-17 20:52:34.918686,Headache,5,2025,5.0,29.0,Mood Swings,38.5,5.0,3,4.53,Headache,78.5,2025-06-16 20:52:34.918686,"['Stay hydrated', 'Eat meals regularly', 'Get adequate sleep', 'Take breaks from prolonged screen use']"
92,29,24.11,2,Moderate,8.4,Vegetarian,2025-06-17 20:52:34.918686,31,3,2025-07-18 20:52:34.918686,Bloating,6,2025,6.0,39.0,Headache,38.666666666666664,5.333333333333333,4,3.535,Bloating,72.5,2025-07-26 20:52:34.918686,"['Stay hydrated', 'Eat smaller balanced meals', 'Try gentle physical activity', 'Avoid foods that personally worsen bloating']"
92,29,24.11,2,Moderate,8.4,Vegetarian,2025-07-18 20:52:34.918686,27,4,2025-08-14 20:52:34.918686,Headache,7,2025,3.0,31.0,Bloating,36.75,4.75,5,4.255,Cramps,23.5,2025-08-24 20:52:34.918686,"['Use a warm compress', 'Stay hydrated', 'Take adequate rest', 'Try gentle movement']"
92,29,24.11,2,Moderate,8.4,Vegetarian,2025-08-14 20:52:34.918686,33,4,2025-09-16 20:52:34.918686,Bloating,8,2025,4.0,27.0,Headache,34.8,4.6,6,4.13,Bloating,73.5,2025-09-18 20:52:34.918686,"['Stay hydrated', 'Eat smaller balanced meals', 'Try gentle physical activity', 'Avoid foods that personally worsen bloating']"
92,29,24.11,2,Moderate,8.4,Vegetarian,2025-09-16 20:52:34.918686,29,3,2025-10-15 20:52:34.918686,Cramps,9,2025,4.0,33.0,Bloating,34.5,4.5,7,3.58,Cramps,28.999999999999996,2025-10-20 20:52:34.918686,"['Use a warm compress', 'Stay hydrated', 'Take adequate rest', 'Try gentle movement']"
92,29,24.11,2,Moderate,8.4,Vegetarian,2025-10-15 20:52:34.918686,45,6,2025-11-29 20:52:34.918686,Headache,10,2025,3.0,29.0,Cramps,33.714285714285715,4.285714285714286,8,5.37,Cramps,24.5,2025-11-18 20:52:34.918686,"['Use a warm compress', 'Stay hydrated', 'Take adequate rest', 'Try gentle movement']"
92,29,24.11,2,Moderate,8.4,Vegetarian,2025-11-29 20:52:34.918686,43,6,2026-01-11 20:52:34.918686,Fatigue,11,2025,6.0,45.0,Headache,35.125,4.5,9,4.035,Fatigue,66.5,2026-01-03 20:52:34.918686,"['Get adequate sleep', 'Stay hydrated', 'Eat regular balanced meals', 'Take adequate rest']"
92,29,24.11,2,Moderate,8.4,Vegetarian,2026-01-11 20:52:34.918686,50,3,2026-03-02 20:52:34.918686,Cramps,1,2026,6.0,43.0,Fatigue,36.0,4.666666666666667,10,3.725,Cramps,70.5,2026-02-16 20:52:34.918686,"['Use a warm compress', 'Stay hydrated', 'Take adequate rest', 'Try gentle movement']"
92,29,24.11,2,Moderate,8.4,Vegetarian,2026-03-02 20:52:34.918686,38,4,2026-04-09 20:52:34.918686,Mood Swings,3,2026,3.0,50.0,Cramps,37.4,4.5,11,4.895,Mood Swings,73.0,2026-04-08 20:52:34.918686,"['Maintain adequate sleep', 'Eat regular balanced meals', 'Try gentle exercise', 'Practice relaxation and stress management']"
92,29,24.11,2,Moderate,8.4,Vegetarian,2026-04-09 20:52:34.918686,40,4,2026-05-19 20:52:34.918686,Bloating,4,2026,4.0,38.0,Mood Swings,37.45454545454545,4.454545454545454,12,4.49,Bloating,75.0,2026-05-16 20:52:34.918686,"['Stay hydrated', 'Eat smaller balanced meals', 'Try gentle physical activity', 'Avoid foods that personally worsen bloating']"
93,21,24.1,5,Low,8.6,Low Carb,2024-01-09 20:52:34.918727,29,5,2024-02-07 20:52:34.918727,Mood Swings,1,2024,4.0,33.0,Headache,33.0,4.0,2,5.035,Mood Swings,67.5,2024-02-11 20:52:34.918727,"['Maintain adequate sleep', 'Eat regular balanced meals', 'Try gentle exercise', 'Practice relaxation and stress management']"
93,21,24.1,5,Low,8.6,Low Carb,2024-02-07 20:52:34.918727,33,6,2024-03-11 20:52:34.918727,Cramps,2,2024,5.0,29.0,Mood Swings,31.0,4.5,3,5.355,Bloating,26.5,2024-03-09 20:52:34.918727,"['Stay hydrated', 'Eat smaller balanced meals', 'Try gentle physical activity', 'Avoid foods that personally worsen bloating']"
93,21,24.1,5,Low,8.6,Low Carb,2024-03-11 20:52:34.918727,35,4,2024-04-15 20:52:34.918727,Fatigue,3,2024,6.0,33.0,Cramps,31.666666666666668,5.0,4,4.21,Fatigue,72.0,2024-04-12 20:52:34.918727,"['Get adequate sleep', 'Stay hydrated', 'Eat regular balanced meals', 'Take adequate rest']"
93,21,24.1,5,Low,8.6,Low Carb,2024-04-15 20:52:34.918727,36,4,2024-05-21 20:52:34.918727,Cramps,4,2024,4.0,35.0,Fatigue,32.5,4.75,5,4.3,Cramps,62.0,2024-05-17 20:52:34.918727,"['Use a warm compress', 'Stay hydrated', 'Take adequate rest', 'Try gentle movement']"
93,21,24.1,5,Low,8.6,Low Carb,2024-05-21 20:52:34.918727,27,3,2024-06-17 20:52:34.918727,Fatigue,5,2024,4.0,36.0,Cramps,33.2,4.6,6,4.64,Fatigue,71.5,2024-06-23 20:52:34.918727,"['Get adequate sleep', 'Stay hydrated', 'Eat regular balanced meals', 'Take adequate rest']"
93,21,24.1,5,Low,8.6,Low Carb,2024-06-17 20:52:34.918727,35,3,2024-07-22 20:52:34.918727,Bloating,6,2024,3.0,27.0,Fatigue,32.166666666666664,4.333333333333333,7,3.905,Bloating,68.5,2024-07-19 20:52:34.918727,"['Stay hydrated', 'Eat smaller balanced meals', 'Try gentle physical activity', 'Avoid foods that personally worsen bloating']"
93,21,24.1,5,Low,8.6,Low Carb,2024-07-22 20:52:34.918727,49,5,2024-09-09 20:52:34.918727,Mood Swings,7,2024,3.0,35.0,Bloating,32.57142857142857,4.142857142857143,8,4.885,Mood Swings,78.0,2024-08-24 20:52:34.918727,"['Maintain adequate sleep', 'Eat regular balanced meals', 'Try gentle exercise', 'Practice relaxation and stress management']"
93,21,24.1,5,Low,8.6,Low Carb,2024-09-09 20:52:34.918727,35,3,2024-10-14 20:52:34.918727,Mood Swings,9,2024,5.0,49.0,Mood Swings,34.625,4.25,9,3.655,Mood Swings,71.0,2024-10-14 20:52:34.918727,"['Maintain adequate sleep', 'Eat regular balanced meals', 'Try gentle exercise', 'Practice relaxation and stress management']"
93,21,24.1,5,Low,8.6,Low Carb,2024-10-14 20:52:34.918727,46,5,2024-11-29 20:52:34.918727,Bloating,10,2024,3.0,35.0,Mood Swings,34.666666666666664,4.111111111111111,10,4.82,Mood Swings,62.5,2024-11-18 20:52:34.918727,"['Maintain adequate sleep', 'Eat regular balanced meals', 'Try gentle exercise', 'Practice relaxation and stress management']"
94,20,21.13,4,Moderate,6.9,Low Carb,2024-11-17 20:52:34.918761,40,6,2024-12-27 20:52:34.918761,Cramps,11,2024,4.0,37.0,Headache,37.0,4.0,2,5.845,Cramps,26.5,2024-12-24 20:52:34.918761,"['Use a warm compress', 'Stay hydrated', 'Take adequate rest', 'Try gentle movement']"
94,20,21.13,4,Moderate,6.9,Low Carb,2024-12-27 20:52:34.918761,38,7,2025-02-03 20:52:34.918761,Cramps,12,2024,6.0,40.0,Cramps,38.5,5.0,3,5.095,Cramps,75.5,2025-02-03 20:52:34.918761,"['Use a warm compress', 'Stay hydrated', 'Take adequate rest', 'Try gentle movement']"
94,20,21.13,4,Moderate,6.9,Low Carb,2025-02-03 20:52:34.918761,37,4,2025-03-12 20:52:34.918761,Cramps,2,2025,7.0,38.0,Cramps,38.333333333333336,5.666666666666667,4,4.395,Cramps,78.0,2025-03-13 20:52:34.918761,"['Use a warm compress', 'Stay hydrated', 'Take adequate rest', 'Try gentle movement']"
94,20,21.13,4,Moderate,6.9,Low Carb,2025-03-12 20:52:34.918761,35,7,2025-04-16 20:52:34.918761,Headache,3,2025,4.0,37.0,Cramps,38.0,5.25,5,6.22,Headache,74.0,2025-04-19 20:52:34.918761,"['Stay hydrated', 'Eat meals regularly', 'Get adequate sleep', 'Take breaks from prolonged screen use']"
94,20,21.13,4,Moderate,6.9,Low Carb,2025-04-16 20:52:34.918761,38,4,2025-05-24 20:52:34.918761,Cramps,4,2025,7.0,35.0,Headache,37.4,5.6,6,4.49,Cramps,72.5,2025-05-23 20:52:34.918761,"['Use a warm compress', 'Stay hydrated', 'Take adequate rest', 'Try gentle movement']"
94,20,21.13,4,Moderate,6.9,Low Carb,2025-05-24 20:52:34.918761,28,4,2025-06-21 20:52:34.918761,Headache,5,2025,4.0,38.0,Cramps,37.5,5.333333333333333,7,5.785,Headache,46.0,2025-07-01 20:52:34.918761,"['Stay hydrated', 'Eat meals regularly', 'Get adequate sleep', 'Take breaks from prolonged screen use']"
94,20,21.13,4,Moderate,6.9,Low Carb,2025-06-21 20:52:34.918761,31,5,2025-07-22 20:52:34.918761,Fatigue,6,2025,4.0,28.0,Headache,36.142857142857146,5.142857142857143,8,4.945,Fatigue,77.0,2025-07-27 20:52:34.918761,"['Get adequate sleep', 'Stay hydrated', 'Eat regular balanced meals', 'Take adequate rest']"
94,20,21.13,4,Moderate,6.9,Low Carb,2025-07-22 20:52:34.918761,43,4,2025-09-03 20:52:34.918761,Fatigue,7,2025,5.0,31.0,Fatigue,35.5,5.125,9,4.495,Fatigue,72.5,2025-08-27 20:52:34.918761,"['Get adequate sleep', 'Stay hydrated', 'Eat regular balanced meals', 'Take adequate rest']"
94,20,21.13,4,Moderate,6.9,Low Carb,2025-09-03 20:52:34.918761,38,4,2025-10-11 20:52:34.918761,Cramps,9,2025,4.0,43.0,Fatigue,36.333333333333336,5.0,10,4.535,Cramps,72.0,2025-10-09 20:52:34.918761,"['Use a warm compress', 'Stay hydrated', 'Take adequate rest', 'Try gentle movement']"
95,27,28.29,5,Low,5.6,Balanced,2024-12-22 20:52:34.918795,26,3,2025-01-17 20:52:34.918795,Fatigue,12,2024,5.0,48.0,Headache,48.0,5.0,2,4.725,Fatigue,71.0,2025-02-08 20:52:34.918795,"['Get adequate sleep', 'Stay hydrated', 'Eat regular balanced meals', 'Take adequate rest']"
95,27,28.29,5,Low,5.6,Balanced,2025-01-17 20:52:34.918795,32,5,2025-02-18 20:52:34.918795,Fatigue,1,2025,3.0,26.0,Fatigue,37.0,4.0,3,5.195,Cramps,24.5,2025-02-23 20:52:34.918795,"['Use a warm compress', 'Stay hydrated', 'Take adequate rest', 'Try gentle movement']"
95,27,28.29,5,Low,5.6,Balanced,2025-02-18 20:52:34.918795,46,6,2025-04-05 20:52:34.918795,Cramps,2,2025,5.0,32.0,Fatigue,35.333333333333336,4.333333333333333,4,5.36,Fatigue,30.5,2025-03-25 20:52:34.918795,"['Get adequate sleep', 'Stay hydrated', 'Eat regular balanced meals', 'Take adequate rest']"
95,27,28.29,5,Low,5.6,Balanced,2025-04-05 20:52:34.918795,33,4,2025-05-08 20:52:34.918795,Fatigue,4,2025,6.0,46.0,Cramps,38.0,4.75,5,4.325,Fatigue,69.0,2025-05-13 20:52:34.918795,"['Get adequate sleep', 'Stay hydrated', 'Eat regular balanced meals', 'Take adequate rest']"
95,27,28.29,5,Low,5.6,Balanced,2025-05-08 20:52:34.918795,42,7,2025-06-19 20:52:34.918795,Fatigue,5,2025,4.0,33.0,Fatigue,37.0,4.6,6,5.175,Fatigue,71.5,2025-06-14 20:52:34.918795,"['Get adequate sleep', 'Stay hydrated', 'Eat regular balanced meals', 'Take adequate rest']"
95,27,28.29,5,Low,5.6,Balanced,2025-06-19 20:52:34.918795,44,5,2025-08-02 20:52:34.918795,Bloating,6,2025,7.0,42.0,Fatigue,37.833333333333336,5.0,7,4.75,Bloating,72.0,2025-07-27 20:52:34.918795,"['Stay hydrated', 'Eat smaller balanced meals', 'Try gentle physical activity', 'Avoid foods that personally worsen bloating']"
96,44,19.78,3,Low,6.3,Balanced,2024-02-09 20:52:34.918822,41,3,2024-03-21 20:52:34.918822,Mood Swings,2,2024,7.0,39.0,Fatigue,39.0,7.0,2,5.205,Mood Swings,66.5,2024-03-19 20:52:34.918822,"['Maintain adequate sleep', 'Eat regular balanced meals', 'Try gentle exercise', 'Practice relaxation and stress management']"
96,44,19.78,3,Low,6.3,Balanced,2024-03-21 20:52:34.918822,38,6,2024-04-28 20:52:34.918822,Mood Swings,3,2024,3.0,41.0,Mood Swings,40.0,5.0,3,5.535,Mood Swings,61.0,2024-04-30 20:52:34.918822,"['Maintain adequate sleep', 'Eat regular balanced meals', 'Try gentle exercise', 'Practice relaxation and stress management']"
96,44,19.78,3,Low,6.3,Balanced,2024-04-28 20:52:34.918822,50,5,2024-06-17 20:52:34.918822,Fatigue,4,2024,6.0,38.0,Mood Swings,39.333333333333336,5.333333333333333,4,4.78,Fatigue,72.0,2024-06-06 20:52:34.918822,"['Get adequate sleep', 'Stay hydrated', 'Eat regular balanced meals', 'Take adequate rest']"
96,44,19.78,3,Low,6.3,Balanced,2024-06-17 20:52:34.918822,29,3,2024-07-16 20:52:34.918822,Fatigue,6,2024,5.0,50.0,Fatigue,42.0,5.25,5,3.775,Fatigue,65.0,2024-07-29 20:52:34.918822,"['Get adequate sleep', 'Stay hydrated', 'Eat regular balanced meals', 'Take adequate rest']"
96,44,19.78,3,Low,6.3,Balanced,2024-07-16 20:52:34.918822,27,3,2024-08-12 20:52:34.918822,Fatigue,7,2024,3.0,29.0,Fatigue,39.4,4.8,6,3.945,Fatigue,71.5,2024-08-24 20:52:34.918822,"['Get adequate sleep', 'Stay hydrated', 'Eat regular balanced meals', 'Take adequate rest']"
96,44,19.78,3,Low,6.3,Balanced,2024-08-12 20:52:34.918822,32,7,2024-09-13 20:52:34.918822,Headache,8,2024,3.0,27.0,Fatigue,37.333333333333336,4.5,7,6.315,Headache,70.5,2024-09-18 20:52:34.918822,"['Stay hydrated', 'Eat meals regularly', 'Get adequate sleep', 'Take breaks from prolonged screen use']"
96,44,19.78,3,Low,6.3,Balanced,2024-09-13 20:52:34.918822,47,3,2024-10-30 20:52:34.918822,Bloating,9,2024,7.0,32.0,Headache,36.57142857142857,4.857142857142857,8,4.125,Bloating,68.0,2024-10-20 20:52:34.918822,"['Stay hydrated', 'Eat smaller balanced meals', 'Try gentle physical activity', 'Avoid foods that personally worsen bloating']"
97,37,18.55,5,High,7.6,Vegetarian,2023-05-12 20:52:34.918851,28,6,2023-06-09 20:52:34.918851,Headache,5,2023,7.0,26.0,Fatigue,26.0,7.0,2,5.7,Headache,69.5,2023-06-07 20:52:34.918851,"['Stay hydrated', 'Eat meals regularly', 'Get adequate sleep', 'Take breaks from prolonged screen use']"
97,37,18.55,5,High,7.6,Vegetarian,2023-06-09 20:52:34.918851,32,6,2023-07-11 20:52:34.918851,Fatigue,6,2023,6.0,28.0,Headache,27.0,6.5,3,5.62,Bloating,26.5,2023-07-06 20:52:34.918851,"['Stay hydrated', 'Eat smaller balanced meals', 'Try gentle physical activity', 'Avoid foods that personally worsen bloating']"
97,37,18.55,5,High,7.6,Vegetarian,2023-07-11 20:52:34.918851,34,4,2023-08-14 20:52:34.918851,Bloating,7,2023,6.0,32.0,Fatigue,28.666666666666668,6.333333333333333,4,4.32,Bloating,66.5,2023-08-09 20:52:34.918851,"['Stay hydrated', 'Eat smaller balanced meals', 'Try gentle physical activity', 'Avoid foods that personally worsen bloating']"
97,37,18.55,5,High,7.6,Vegetarian,2023-08-14 20:52:34.918851,49,4,2023-10-02 20:52:34.918851,Cramps,8,2023,4.0,34.0,Bloating,30.0,5.75,5,4.48,Cramps,72.0,2023-09-13 20:52:34.918851,"['Use a warm compress', 'Stay hydrated', 'Take adequate rest', 'Try gentle movement']"
97,37,18.55,5,High,7.6,Vegetarian,2023-10-02 20:52:34.918851,32,6,2023-11-03 20:52:34.918851,Bloating,10,2023,4.0,49.0,Cramps,33.8,5.4,6,5.56,Bloating,26.0,2023-11-05 20:52:34.918851,"['Stay hydrated', 'Eat smaller balanced meals', 'Try gentle physical activity', 'Avoid foods that personally worsen bloating']"
97,37,18.55,5,High,7.6,Vegetarian,2023-11-03 20:52:34.918851,44,4,2023-12-17 20:52:34.918851,Mood Swings,11,2023,6.0,32.0,Bloating,33.5,5.5,7,4.565,Mood Swings,70.0,2023-12-07 20:52:34.918851,"['Maintain adequate sleep', 'Eat regular balanced meals', 'Try gentle exercise', 'Practice relaxation and stress management']"
98,19,21.71,4,Moderate,5.7,Low Carb,2024-11-23 20:52:34.918876,26,5,2024-12-19 20:52:34.918876,Bloating,11,2024,7.0,47.0,Fatigue,47.0,7.0,2,5.15,Fatigue,32.5,2025-01-09 20:52:34.918876,"['Get adequate sleep', 'Stay hydrated', 'Eat regular balanced meals', 'Take adequate rest']"
98,19,21.71,4,Moderate,5.7,Low Carb,2024-12-19 20:52:34.918876,48,5,2025-02-05 20:52:34.918876,Bloating,12,2024,5.0,26.0,Bloating,36.5,6.0,3,5.005,Bloating,67.5,2025-01-24 20:52:34.918876,"['Stay hydrated', 'Eat smaller balanced meals', 'Try gentle physical activity', 'Avoid foods that personally worsen bloating']"
98,19,21.71,4,Moderate,5.7,Low Carb,2025-02-05 20:52:34.918876,31,3,2025-03-08 20:52:34.918876,Fatigue,2,2025,5.0,48.0,Bloating,40.333333333333336,5.666666666666667,4,3.675,Cramps,26.0,2025-03-17 20:52:34.918876,"['Use a warm compress', 'Stay hydrated', 'Take adequate rest', 'Try gentle movement']"
98,19,21.71,4,Moderate,5.7,Low Carb,2025-03-08 20:52:34.918876,34,5,2025-04-11 20:52:34.918876,Headache,3,2025,3.0,31.0,Fatigue,38.0,5.0,5,5.105,Headache,82.5,2025-04-15 20:52:34.918876,"['Stay hydrated', 'Eat meals regularly', 'Get adequate sleep', 'Take breaks from prolonged screen use']"
98,19,21.71,4,Moderate,5.7,Low Carb,2025-04-11 20:52:34.918876,29,7,2025-05-10 20:52:34.918876,Headache,4,2025,5.0,34.0,Headache,37.2,5.0,6,4.85,Headache,75.5,2025-05-18 20:52:34.918876,"['Stay hydrated', 'Eat meals regularly', 'Get adequate sleep', 'Take breaks from prolonged screen use']"
98,19,21.71,4,Moderate,5.7,Low Carb,2025-05-10 20:52:34.918876,50,3,2025-06-29 20:52:34.918876,Fatigue,5,2025,7.0,29.0,Headache,35.833333333333336,5.333333333333333,7,3.69,Fatigue,76.0,2025-06-15 20:52:34.918876,"['Get adequate sleep', 'Stay hydrated', 'Eat regular balanced meals', 'Take adequate rest']"
98,19,21.71,4,Moderate,5.7,Low Carb,2025-06-29 20:52:34.918876,49,7,2025-08-17 20:52:34.918876,Headache,6,2025,3.0,50.0,Fatigue,37.857142857142854,5.0,8,6.165,Headache,75.0,2025-08-06 20:52:34.918876,"['Stay hydrated', 'Eat meals regularly', 'Get adequate sleep', 'Take breaks from prolonged screen use']"
99,39,28.82,4,Moderate,6.4,Low Carb,2023-12-08 20:52:34.918906,45,7,2024-01-22 20:52:34.918906,Cramps,12,2023,6.0,40.0,Headache,40.0,6.0,2,6.095,Cramps,64.0,2024-01-17 20:52:34.918906,"['Use a warm compress', 'Stay hydrated', 'Take adequate rest', 'Try gentle movement']"
99,39,28.82,4,Moderate,6.4,Low Carb,2024-01-22 20:52:34.918906,31,4,2024-02-22 20:52:34.918906,Mood Swings,1,2024,7.0,45.0,Cramps,42.5,6.5,3,4.64,Mood Swings,68.5,2024-03-04 20:52:34.918906,"['Maintain adequate sleep', 'Eat regular balanced meals', 'Try gentle exercise', 'Practice relaxation and stress management']"
99,39,28.82,4,Moderate,6.4,Low Carb,2024-02-22 20:52:34.918906,28,4,2024-03-21 20:52:34.918906,Fatigue,2,2024,4.0,31.0,Mood Swings,38.666666666666664,5.666666666666667,4,4.905,Fatigue,69.0,2024-04-01 20:52:34.918906,"['Get adequate sleep', 'Stay hydrated', 'Eat regular balanced meals', 'Take adequate rest']"
99,39,28.82,4,Moderate,6.4,Low Carb,2024-03-21 20:52:34.918906,43,4,2024-05-03 20:52:34.918906,Bloating,3,2024,4.0,28.0,Fatigue,36.0,5.25,5,4.87,Fatigue,33.5,2024-04-26 20:52:34.918906,"['Get adequate sleep', 'Stay hydrated', 'Eat regular balanced meals', 'Take adequate rest']"
99,39,28.82,4,Moderate,6.4,Low Carb,2024-05-03 20:52:34.918906,25,5,2024-05-28 20:52:34.918906,Fatigue,5,2024,4.0,43.0,Bloating,37.4,5.0,6,4.9,Fatigue,44.0,2024-06-09 20:52:34.918906,"['Get adequate sleep', 'Stay hydrated', 'Eat regular balanced meals', 'Take adequate rest']"
99,39,28.82,4,Moderate,6.4,Low Carb,2024-05-28 20:52:34.918906,41,4,2024-07-08 20:52:34.918906,Cramps,5,2024,5.0,25.0,Fatigue,35.333333333333336,5.0,7,4.325,Cramps,69.0,2024-07-02 20:52:34.918906,"['Use a warm compress', 'Stay hydrated', 'Take adequate rest', 'Try gentle movement']"
99,39,28.82,4,Moderate,6.4,Low Carb,2024-07-08 20:52:34.918906,45,4,2024-08-22 20:52:34.918906,Mood Swings,7,2024,4.0,41.0,Cramps,36.142857142857146,4.857142857142857,8,4.58,Bloating,26.5,2024-08-13 20:52:34.918906,"['Stay hydrated', 'Eat smaller balanced meals', 'Try gentle physical activity', 'Avoid foods that personally worsen bloating']"
99,39,28.82,4,Moderate,6.4,Low Carb,2024-08-22 20:52:34.918906,43,4,2024-10-04 20:52:34.918906,Bloating,8,2024,4.0,45.0,Mood Swings,37.25,4.75,9,4.405,Bloating,70.0,2024-09-28 20:52:34.918906,"['Stay hydrated', 'Eat smaller balanced meals', 'Try gentle physical activity', 'Avoid foods that personally worsen bloating']"
99,39,28.82,4,Moderate,6.4,Low Carb,2024-10-04 20:52:34.918906,26,5,2024-10-30 20:52:34.918906,Fatigue,10,2024,4.0,43.0,Bloating,37.888888888888886,4.666666666666667,10,4.955,Fatigue,67.5,2024-11-11 20:52:34.918906,"['Get adequate sleep', 'Stay hydrated', 'Eat regular balanced meals', 'Take adequate rest']"
99,39,28.82,4,Moderate,6.4,Low Carb,2024-10-30 20:52:34.918906,50,7,2024-12-19 20:52:34.918906,Mood Swings,10,2024,5.0,26.0,Fatigue,36.7,4.7,11,6.03,Mood Swings,75.0,2024-12-06 20:52:34.918906,"['Maintain adequate sleep', 'Eat regular balanced meals', 'Try gentle exercise', 'Practice relaxation and stress management']"
100,22,21.41,5,Moderate,8.1,Low Carb,2023-07-20 20:52:34.918945,35,4,2023-08-24 20:52:34.918945,Headache,7,2023,3.0,29.0,Mood Swings,29.0,3.0,2,4.86,Headache,71.0,2023-08-18 20:52:34.918945,"['Stay hydrated', 'Eat meals regularly', 'Get adequate sleep', 'Take breaks from prolonged screen use']"
100,22,21.41,5,Moderate,8.1,Low Carb,2023-08-24 20:52:34.918945,35,5,2023-09-28 20:52:34.918945,Mood Swings,8,2023,4.0,35.0,Headache,32.0,3.5,3,5.54,Mood Swings,70.5,2023-09-25 20:52:34.918945,"['Maintain adequate sleep', 'Eat regular balanced meals', 'Try gentle exercise', 'Practice relaxation and stress management']"
100,22,21.41,5,Moderate,8.1,Low Carb,2023-09-28 20:52:34.918945,46,3,2023-11-13 20:52:34.918945,Bloating,9,2023,5.0,35.0,Mood Swings,33.0,4.0,4,4.85,Bloating,73.0,2023-10-31 20:52:34.918945,"['Stay hydrated', 'Eat smaller balanced meals', 'Try gentle physical activity', 'Avoid foods that personally worsen bloating']"
100,22,21.41,5,Moderate,8.1,Low Carb,2023-11-13 20:52:34.918945,49,5,2024-01-01 20:52:34.918945,Fatigue,11,2023,3.0,46.0,Bloating,36.25,3.75,5,5.155,Fatigue,72.5,2023-12-19 20:52:34.918945,"['Get adequate sleep', 'Stay hydrated', 'Eat regular balanced meals', 'Take adequate rest']"
100,22,21.41,5,Moderate,8.1,Low Carb,2024-01-01 20:52:34.918945,42,4,2024-02-12 20:52:34.918945,Headache,1,2024,5.0,49.0,Fatigue,38.8,4.0,6,4.53,Fatigue,24.5,2024-02-09 20:52:34.918945,"['Get adequate sleep', 'Stay hydrated', 'Eat regular balanced meals', 'Take adequate rest']"
100,22,21.41,5,Moderate,8.1,Low Carb,2024-02-12 20:52:34.918945,40,6,2024-03-23 20:52:34.918945,Cramps,2,2024,4.0,42.0,Headache,39.333333333333336,4.0,7,5.555,Mood Swings,24.0,2024-03-22 20:52:34.918945,"['Maintain adequate sleep', 'Eat regular balanced meals', 'Try gentle exercise', 'Practice relaxation and stress management']"
